surface_label,surface_row_index,current_right_prime,actual_next_state,current_state,square_phase_utilization,square_pressure_band,ordinary_regime,high_square_regime,hd_recent_1,hd_recent_2,hd_recent_3,hd_recent_4,hd_recent_6,hd_recent_8,hd_recent_12,triad_return,short_prediction,long_prediction,nontriad_reset_prediction,event_lock_l3_prediction,event_lock_l6_prediction,carrier_regime_prediction,short_hit,long_hit,short_miss,long_repairs_short,long_pollutes_short,nontriad_reset_hit,event_lock_l3_hit,event_lock_l6_hit,carrier_regime_hit,carrier_regime_gate
10^18,3,1000000000000000031,o2_odd_semiprime|d<=4,o2_odd_semiprime|d<=4,2.857142855102041e-09,0,1,0,0,0,0,0,0,0,0,1,o4_odd_semiprime|d<=4,o4_odd_semiprime|d<=4,o6_odd_semiprime|d<=4,o4_odd_semiprime|d<=4,o4_odd_semiprime|d<=4,o4_odd_semiprime|d<=4,0,0,1,0,0,0,0,0,0,0
10^18,4,1000000000000000079,o4_higher_divisor_odd|5<=d<=16,o2_odd_semiprime|d<=4,6.857142872816326e-09,1,0,1,0,0,0,0,0,0,0,0,o2_odd_semiprime|d<=4,o2_odd_semiprime|d<=4,o4_odd_semiprime|d<=4,o2_odd_semiprime|d<=4,o2_odd_semiprime|d<=4,o2_odd_semiprime|d<=4,0,0,1,0,0,0,0,0,0,0
10^18,6,1000000000000000183,o6_odd_semiprime|d<=4,o4_odd_semiprime|d<=4,7.142857215306123e-10,0,1,0,1,1,1,1,1,1,1,1,o2_odd_semiprime|d<=4,o2_odd_semiprime|d<=4,o2_odd_semiprime|d<=4,,,o2_odd_semiprime|d<=4,0,0,1,0,0,0,0,0,0,0
10^18,7,1000000000000000201,o6_odd_semiprime|d<=4,o6_odd_semiprime|d<=4,5.000000058571429e-09,1,0,1,0,1,1,1,1,1,1,1,o4_odd_semiprime|d<=4,o4_odd_semiprime|d<=4,o4_odd_semiprime|d<=4,,,o4_odd_semiprime|d<=4,0,0,1,0,0,0,0,0,0,1
10^18,8,1000000000000000283,o6_higher_divisor_odd|5<=d<=16,o6_odd_semiprime|d<=4,6.5714286840816345e-09,1,0,1,0,0,1,1,1,1,1,0,o2_odd_semiprime|d<=4,o2_odd_semiprime|d<=4,o4_even_semiprime|d<=4,o2_odd_semiprime|d<=4,o2_odd_semiprime|d<=4,o2_odd_semiprime|d<=4,0,0,1,0,0,0,0,0,0,1
10^18,10,1000000000000000387,o4_odd_semiprime|d<=4,o4_odd_semiprime|d<=4,7.857143052448985e-09,1,0,1,1,1,1,1,1,1,1,1,o2_odd_semiprime|d<=4,o4_odd_semiprime|d<=4,o4_odd_semiprime|d<=4,,,o4_odd_semiprime|d<=4,0,1,1,1,0,1,0,0,1,1
10^18,11,1000000000000000507,o6_odd_semiprime|d<=4,o4_odd_semiprime|d<=4,7.142857379591845e-10,0,1,0,0,1,1,1,1,1,1,1,o4_odd_semiprime|d<=4,o2_odd_semiprime|d<=4,o2_odd_semiprime|d<=4,,,o4_odd_semiprime|d<=4,0,0,1,0,0,0,0,0,0,0
10^18,12,1000000000000000523,o6_odd_semiprime|d<=4,o6_odd_semiprime|d<=4,3.5714286948979636e-09,0,1,0,0,0,1,1,1,1,1,1,o4_odd_semiprime|d<=4,o6_odd_semiprime|d<=4,o6_odd_semiprime|d<=4,o6_odd_semiprime|d<=4,o6_odd_semiprime|d<=4,o4_odd_semiprime|d<=4,0,1,1,1,0,1,1,1,0,0
10^18,13,1000000000000000583,o4_odd_semiprime|d<=4,o6_odd_semiprime|d<=4,8.571428903265319e-10,0,1,0,0,0,0,1,1,1,1,1,o2_odd_semiprime|d<=4,o2_odd_semiprime|d<=4,o2_odd_semiprime|d<=4,o2_odd_semiprime|d<=4,o4_odd_semiprime|d<=4,o2_odd_semiprime|d<=4,0,0,1,0,0,0,0,1,0,0
10^18,14,1000000000000000603,o2_higher_divisor_even|d>64,o4_odd_semiprime|d<=4,7.14285742857144e-10,0,1,0,0,0,0,0,1,1,1,0,o2_odd_semiprime|d<=4,o2_odd_semiprime|d<=4,o6_odd_semiprime|d<=4,o2_odd_semiprime|d<=4,o6_odd_semiprime|d<=4,o2_odd_semiprime|d<=4,0,0,1,0,0,0,0,0,0,0
10^18,16,1000000000000000621,o2_odd_semiprime|d<=4,o6_odd_semiprime|d<=4,1.2285714792938796e-08,1,0,1,1,1,1,1,1,1,1,1,o4_odd_semiprime|d<=4,o4_odd_semiprime|d<=4,o4_odd_semiprime|d<=4,,,o4_odd_semiprime|d<=4,0,0,1,0,0,0,0,0,0,1
10^18,17,1000000000000000799,o2_odd_semiprime|d<=4,o2_odd_semiprime|d<=4,2.4285715600612316e-09,0,1,0,0,1,1,1,1,1,1,1,o4_odd_semiprime|d<=4,o2_higher_divisor_even|5<=d<=16,o2_higher_divisor_even|5<=d<=16,o2_higher_divisor_even|5<=d<=16,o2_higher_divisor_even|5<=d<=16,o4_odd_semiprime|d<=4,0,0,1,0,0,0,0,0,0,0
10^18,18,1000000000000000841,o6_odd_semiprime|d<=4,o2_odd_semiprime|d<=4,1.0000000570000032e-09,0,1,0,0,0,1,1,1,1,1,1,o2_odd_semiprime|d<=4,o4_odd_semiprime|d<=4,o4_odd_semiprime|d<=4,o6_odd_semiprime|d<=4,o6_odd_semiprime|d<=4,o2_odd_semiprime|d<=4,0,0,1,0,0,0,1,1,0,0
10^18,19,1000000000000000861,o2_odd_semiprime|d<=4,o6_odd_semiprime|d<=4,4.2857145373469534e-10,0,1,0,0,0,0,1,1,1,1,1,o2_odd_semiprime|d<=4,o2_odd_semiprime|d<=4,o4_odd_semiprime|d<=4,o2_odd_semiprime|d<=4,o2_odd_semiprime|d<=4,o2_odd_semiprime|d<=4,1,1,0,0,0,0,1,1,1,0
10^18,20,1000000000000000877,o6_odd_semiprime|d<=4,o2_odd_semiprime|d<=4,1.7142858171428632e-09,0,1,0,0,0,0,0,1,1,1,1,o4_odd_semiprime|d<=4,o4_odd_semiprime|d<=4,o6_odd_semiprime|d<=4,o4_odd_semiprime|d<=4,o2_odd_semiprime|d<=4,o4_odd_semiprime|d<=4,0,0,1,0,0,1,0,0,0,0
10^18,21,1000000000000000913,o2_odd_semiprime|d<=4,o6_odd_semiprime|d<=4,7.14285758775513e-10,0,1,0,0,0,0,0,1,1,1,1,o2_odd_semiprime|d<=4,o2_odd_semiprime|d<=4,o4_odd_semiprime|d<=4,o2_odd_semiprime|d<=4,,o2_odd_semiprime|d<=4,1,1,0,0,0,0,1,0,1,0
10^18,22,1000000000000000931,o2_odd_semiprime|d<=4,o2_odd_semiprime|d<=4,4.142857406224506e-09,0,1,0,0,0,0,0,0,1,1,1,o4_odd_semiprime|d<=4,o4_odd_semiprime|d<=4,o4_odd_semiprime|d<=4,o4_odd_semiprime|d<=4,o4_odd_semiprime|d<=4,o4_odd_semiprime|d<=4,0,0,1,0,0,0,0,0,0,0
10^18,23,1000000000000000997,o6_odd_semiprime|d<=4,o2_odd_semiprime|d<=4,5.142857499918392e-09,1,0,1,0,0,0,0,0,1,1,1,o2_odd_semiprime|d<=4,o4_odd_semiprime|d<=4,o2_odd_semiprime|d<=4,o2_odd_semiprime|d<=4,o2_odd_semiprime|d<=4,o2_odd_semiprime|d<=4,0,0,1,0,0,0,0,0,0,0
10^18,24,1000000000000001093,o6_odd_semiprime|d<=4,o6_odd_semiprime|d<=4,6.428571911632689e-09,1,0,1,0,0,0,0,0,0,1,1,o2_odd_semiprime|d<=4,o2_odd_semiprime|d<=4,,o2_odd_semiprime|d<=4,o2_odd_semiprime|d<=4,o2_odd_semiprime|d<=4,0,0,1,0,0,0,0,0,0,0
10^18,25,1000000000000001191,o2_odd_semiprime|d<=4,o6_odd_semiprime|d<=4,5.000000410000034e-09,1,0,1,0,0,0,0,0,0,1,1,o2_odd_semiprime|d<=4,o4_odd_semiprime|d<=4,,o2_odd_semiprime|d<=4,o2_odd_semiprime|d<=4,o2_odd_semiprime|d<=4,1,0,0,0,1,0,1,1,1,0
10^18,26,1000000000000001267,o4_odd_semiprime|d<=4,o2_odd_semiprime|d<=4,3.142857418979616e-09,0,1,0,0,0,0,0,0,0,1,1,o4_odd_semiprime|d<=4,o4_odd_semiprime|d<=4,o6_odd_semiprime|d<=4,o4_odd_semiprime|d<=4,o4_odd_semiprime|d<=4,o4_odd_semiprime|d<=4,1,1,0,0,0,0,1,1,1,0
10^18,27,1000000000000001323,o4_higher_divisor_odd|5<=d<=16,o4_odd_semiprime|d<=4,1.000000091714294e-09,0,1,0,0,0,0,0,0,0,1,0,o4_odd_semiprime|d<=4,o4_odd_semiprime|d<=4,o2_odd_semiprime|d<=4,o4_odd_semiprime|d<=4,o4_odd_semiprime|d<=4,o4_odd_semiprime|d<=4,0,0,1,0,0,0,0,0,0,0
10^18,29,1000000000000001359,o6_higher_divisor_even|5<=d<=16,o4_odd_semiprime|d<=4,6.000000565714339e-09,1,0,1,1,1,1,1,1,1,1,0,o2_odd_semiprime|d<=4,o4_odd_semiprime|d<=4,o4_odd_semiprime|d<=4,,,o4_odd_semiprime|d<=4,0,0,1,0,0,0,0,0,0,1
10^18,31,1000000000000001459,o2_odd_semiprime|d<=4,o2_odd_semiprime|d<=4,5.000000506428623e-09,1,0,1,1,1,1,1,1,1,1,1,o6_odd_semiprime|d<=4,o6_odd_semiprime|d<=4,o6_odd_semiprime|d<=4,o6_even_semiprime|d<=4,o6_even_semiprime|d<=4,o6_odd_semiprime|d<=4,0,0,1,0,0,0,0,0,0,1
10^18,32,1000000000000001537,o4_odd_semiprime|d<=4,o2_odd_semiprime|d<=4,1.4285715810204244e-09,0,1,0,0,1,1,1,1,1,1,1,o2_odd_semiprime|d<=4,o6_even_semiprime|d<=4,o6_even_semiprime|d<=4,o6_even_semiprime|d<=4,o6_even_semiprime|d<=4,o2_odd_semiprime|d<=4,0,0,1,0,0,0,0,0,0,0
10^18,33,1000000000000001563,o4_odd_semiprime|d<=4,o4_odd_semiprime|d<=4,1.7142859004081835e-09,0,1,0,0,0,1,1,1,1,1,1,o4_odd_semiprime|d<=4,o6_odd_semiprime|d<=4,o6_odd_semiprime|d<=4,o2_even_semiprime|d<=4,o2_even_semiprime|d<=4,o4_odd_semiprime|d<=4,1,0,0,0,1,0,0,0,1,0
10^18,34,1000000000000001593,o4_even_semiprime|d<=4,o4_odd_semiprime|d<=4,4.285714760204134e-09,0,1,0,0,0,0,1,1,1,1,0,o4_odd_semiprime|d<=4,o4_odd_semiprime|d<=4,o6_odd_semiprime|d<=4,o4_odd_semiprime|d<=4,o4_odd_semiprime|d<=4,o4_odd_semiprime|d<=4,0,0,1,0,0,0,0,0,0,0
10^18,35,1000000000000001659,o4_odd_semiprime|d<=4,o4_even_semiprime|d<=4,1.5000001728214485e-09,0,1,0,0,0,0,0,1,1,1,1,o6_odd_semiprime|d<=4,o6_odd_semiprime|d<=4,o6_odd_semiprime|d<=4,o6_odd_semiprime|d<=4,o6_odd_semiprime|d<=4,o6_odd_semiprime|d<=4,0,0,1,0,0,0,0,0,0,0
10^18,36,1000000000000001683,o2_odd_semiprime|d<=4,o4_odd_semiprime|d<=4,2.1428573954081932e-09,0,1,0,0,0,0,0,1,1,1,1,o2_odd_semiprime|d<=4,o2_odd_semiprime|d<=4,o2_odd_semiprime|d<=4,o2_odd_semiprime|d<=4,o2_even_semiprime|d<=4,o2_odd_semiprime|d<=4,1,1,0,0,0,1,1,0,1,0
10^18,37,1000000000000001729,o4_even_semiprime|d<=4,o2_odd_semiprime|d<=4,8.571429601224614e-10,0,1,0,0,0,0,0,0,1,1,0,o4_odd_semiprime|d<=4,o4_odd_semiprime|d<=4,o4_odd_semiprime|d<=4,o4_odd_semiprime|d<=4,o4_odd_semiprime|d<=4,o4_odd_semiprime|d<=4,0,0,1,0,0,0,0,0,0,0
10^18,38,1000000000000001743,o2_odd_semiprime|d<=4,o4_even_semiprime|d<=4,9.285715419234833e-10,0,1,0,0,0,0,0,0,1,1,1,o6_odd_semiprime|d<=4,o6_odd_semiprime|d<=4,o6_odd_semiprime|d<=4,o6_odd_semiprime|d<=4,o6_odd_semiprime|d<=4,o6_odd_semiprime|d<=4,0,0,1,0,0,0,0,0,0,0
10^18,39,1000000000000001771,o4_odd_semiprime|d<=4,o2_odd_semiprime|d<=4,3.4285718522449505e-09,0,1,0,0,0,0,0,0,0,1,1,o4_odd_semiprime|d<=4,o4_odd_semiprime|d<=4,o4_odd_semiprime|d<=4,o4_odd_semiprime|d<=4,o4_odd_semiprime|d<=4,o4_odd_semiprime|d<=4,1,1,0,0,0,1,1,1,1,0
10^18,40,1000000000000001827,o2_odd_semiprime|d<=4,o4_odd_semiprime|d<=4,2.571428900938818e-09,0,1,0,0,0,0,0,0,0,1,1,o4_odd_semiprime|d<=4,o2_odd_semiprime|d<=4,o2_odd_semiprime|d<=4,o4_odd_semiprime|d<=4,o4_odd_semiprime|d<=4,o4_odd_semiprime|d<=4,0,1,1,1,0,1,0,0,0,0
10^18,41,1000000000000001879,o4_even_semiprime|d<=4,o2_odd_semiprime|d<=4,5.142857815836823e-09,1,0,1,0,0,0,0,0,0,1,0,o4_odd_semiprime|d<=4,o4_odd_semiprime|d<=4,o4_odd_semiprime|d<=4,o4_odd_semiprime|d<=4,o4_odd_semiprime|d<=4,o4_odd_semiprime|d<=4,0,0,1,0,0,0,0,0,0,0
10^18,42,1000000000000001953,o4_odd_semiprime|d<=4,o4_even_semiprime|d<=4,6.785715209056248e-09,1,0,1,0,0,0,0,0,0,1,1,o6_odd_semiprime|d<=4,o6_odd_semiprime|d<=4,o6_odd_semiprime|d<=4,o6_odd_semiprime|d<=4,o6_odd_semiprime|d<=4,o6_odd_semiprime|d<=4,0,0,1,0,0,0,0,0,0,0
10^18,43,1000000000000002049,o4_odd_semiprime|d<=4,o4_odd_semiprime|d<=4,3.1428575927347582e-09,0,1,0,0,0,0,0,0,0,0,1,o2_odd_semiprime|d<=4,o2_odd_semiprime|d<=4,o2_odd_semiprime|d<=4,o2_odd_semiprime|d<=4,o2_odd_semiprime|d<=4,o2_odd_semiprime|d<=4,0,0,1,0,0,0,0,0,0,0
10^18,44,1000000000000002097,o2_odd_semiprime|d<=4,o4_odd_semiprime|d<=4,2.0000002942857576e-09,0,1,0,0,0,0,0,0,0,0,1,o4_odd_semiprime|d<=4,o2_odd_semiprime|d<=4,o2_odd_semiprime|d<=4,o4_odd_semiprime|d<=4,o4_odd_semiprime|d<=4,o4_odd_semiprime|d<=4,0,1,1,1,0,1,0,0,0,0
10^18,45,1000000000000002137,o4_odd_semiprime|d<=4,o2_odd_semiprime|d<=4,5.5714294031633896e-09,1,0,1,0,0,0,0,0,0,0,1,o4_odd_semiprime|d<=4,o4_odd_semiprime|d<=4,o4_odd_semiprime|d<=4,o4_odd_semiprime|d<=4,o4_odd_semiprime|d<=4,o4_odd_semiprime|d<=4,1,1,0,0,0,1,1,1,1,0
10^18,46,1000000000000002217,o6_odd_semiprime|d<=4,o4_odd_semiprime|d<=4,3.1428576317959944e-09,0,1,0,0,0,0,0,0,0,0,1,o4_odd_semiprime|d<=4,o4_odd_semiprime|d<=4,o4_odd_semiprime|d<=4,o4_odd_semiprime|d<=4,o4_odd_semiprime|d<=4,o4_odd_semiprime|d<=4,0,0,1,0,0,0,0,0,0,0
10^18,47,1000000000000002271,o4_odd_semiprime|d<=4,o6_odd_semiprime|d<=4,1.4285716581633022e-09,0,1,0,0,0,0,0,0,0,0,1,o4_odd_semiprime|d<=4,o4_odd_semiprime|d<=4,o6_odd_semiprime|d<=4,o4_odd_semiprime|d<=4,o4_odd_semiprime|d<=4,o4_odd_semiprime|d<=4,1,1,0,0,0,0,1,1,1,0
10^18,48,1000000000000002319,o6_odd_semiprime|d<=4,o4_odd_semiprime|d<=4,1.1000001789857434e-08,1,0,1,0,0,0,0,0,0,0,1,o2_odd_semiprime|d<=4,o4_odd_semiprime|d<=4,o4_odd_semiprime|d<=4,o2_odd_semiprime|d<=4,o2_odd_semiprime|d<=4,o2_odd_semiprime|d<=4,0,0,1,0,0,0,0,0,0,0
10^18,49,1000000000000002481,o4_even_semiprime|d<=4,o6_odd_semiprime|d<=4,4.285715032040946e-10,0,1,0,0,0,0,0,0,0,0,0,o4_odd_semiprime|d<=4,o4_odd_semiprime|d<=4,,o4_odd_semiprime|d<=4,o4_odd_semiprime|d<=4,o4_odd_semiprime|d<=4,0,0,1,0,0,0,0,0,0,0
10^18,50,1000000000000002493,o2_higher_divisor_odd|5<=d<=16,o4_even_semiprime|d<=4,2.142857517091902e-10,0,1,0,0,0,0,0,0,0,0,0,o2_odd_semiprime|d<=4,o2_odd_semiprime|d<=4,o2_odd_semiprime|d<=4,o2_odd_semiprime|d<=4,o2_odd_semiprime|d<=4,o2_odd_semiprime|d<=4,0,0,1,0,0,0,0,0,0,0
10^18,54,1000000000000002539,o2_odd_semiprime|d<=4,o2_odd_semiprime|d<=4,1.0000001781428888e-09,0,1,0,0,1,1,1,1,1,1,1,o4_odd_semiprime|d<=4,o4_odd_semiprime|d<=4,o2_odd_semiprime|d<=4,o2_odd_semiprime|d<=4,o2_odd_semiprime|d<=4,o4_odd_semiprime|d<=4,0,0,1,0,0,1,1,1,0,0
10^18,55,1000000000000002557,o2_higher_divisor_odd|5<=d<=16,o2_odd_semiprime|d<=4,2.0000003585714927e-09,0,1,0,0,0,1,1,1,1,1,0,o2_odd_semiprime|d<=4,o2_odd_semiprime|d<=4,o4_odd_semiprime|d<=4,o4_odd_semiprime|d<=4,o4_odd_semiprime|d<=4,o2_odd_semiprime|d<=4,0,0,1,0,0,0,0,0,0,0
10^18,59,1000000000000002679,o2_odd_semiprime|d<=4,o4_odd_semiprime|d<=4,1.142857358530653e-08,1,0,1,0,1,1,1,1,1,1,1,o4_odd_semiprime|d<=4,o4_odd_semiprime|d<=4,o4_odd_semiprime|d<=4,o2_odd_semiprime|d<=4,o2_odd_semiprime|d<=4,o4_odd_semiprime|d<=4,0,0,1,0,0,0,1,1,0,1
10^18,60,1000000000000002851,o2_odd_semiprime|d<=4,o2_odd_semiprime|d<=4,2.8571434293878695e-10,0,1,0,0,0,1,1,1,1,1,1,o4_odd_semiprime|d<=4,o4_odd_semiprime|d<=4,o4_odd_semiprime|d<=4,o4_odd_semiprime|d<=4,o4_odd_semiprime|d<=4,o4_odd_semiprime|d<=4,0,0,1,0,0,0,0,0,0,0
10^18,61,1000000000000002857,o6_higher_divisor_even|5<=d<=16,o2_odd_semiprime|d<=4,2.7142862598572526e-09,0,1,0,0,0,0,1,1,1,1,0,o2_odd_semiprime|d<=4,o2_odd_semiprime|d<=4,o4_higher_divisor_even|5<=d<=16,o2_odd_semiprime|d<=4,o6_odd_semiprime|d<=4,o2_odd_semiprime|d<=4,0,0,1,0,0,0,0,0,0,0
10^18,63,1000000000000002907,o6_odd_semiprime|d<=4,o4_odd_semiprime|d<=4,8.571430328571789e-10,0,1,0,1,1,1,1,1,1,1,1,o4_odd_semiprime|d<=4,o6_higher_divisor_odd|5<=d<=16,o6_higher_divisor_odd|5<=d<=16,,,o4_odd_semiprime|d<=4,0,0,1,0,0,0,0,0,0,0
10^18,64,1000000000000002931,o6_odd_semiprime|d<=4,o6_odd_semiprime|d<=4,1.4285717236735304e-09,0,1,0,0,1,1,1,1,1,1,1,o4_odd_semiprime|d<=4,o4_odd_semiprime|d<=4,o4_odd_semiprime|d<=4,,,o4_odd_semiprime|d<=4,0,0,1,0,0,0,0,0,0,0
10^18,65,1000000000000002961,o6_odd_semiprime|d<=4,o6_odd_semiprime|d<=4,1.0000002087143293e-08,1,0,1,0,0,1,1,1,1,1,1,o2_odd_semiprime|d<=4,o2_odd_semiprime|d<=4,o4_even_semiprime|d<=4,o2_odd_semiprime|d<=4,o2_odd_semiprime|d<=4,o2_odd_semiprime|d<=4,0,0,1,0,0,0,0,0,0,1
10^18,66,1000000000000003111,o4_higher_divisor_odd|5<=d<=16,o6_odd_semiprime|d<=4,8.57143044979633e-10,0,1,0,0,0,0,1,1,1,1,0,o2_odd_semiprime|d<=4,o4_odd_semiprime|d<=4,o4_odd_semiprime|d<=4,o2_odd_semiprime|d<=4,o4_odd_semiprime|d<=4,o2_odd_semiprime|d<=4,0,0,1,0,0,0,0,0,0,0
10^18,68,1000000000000003139,o2_higher_divisor_odd|5<=d<=16,o2_odd_semiprime|d<=4,2.5714291411837997e-09,0,1,0,1,1,1,1,1,1,1,0,o2_odd_semiprime|d<=4,o6_odd_semiprime|d<=4,o6_odd_semiprime|d<=4,,,o2_odd_semiprime|d<=4,0,0,1,0,0,0,0,0,0,0
10^18,71,1000000000000003207,o4_odd_semiprime|d<=4,o4_odd_semiprime|d<=4,1.7142861017143733e-09,0,1,0,1,1,1,1,1,1,1,1,o2_odd_semiprime|d<=4,o2_odd_semiprime|d<=4,o2_odd_semiprime|d<=4,o2_odd_semiprime|d<=4,o2_odd_semiprime|d<=4,o2_odd_semiprime|d<=4,0,0,1,0,0,0,0,0,0,0
10^18,72,1000000000000003237,o2_odd_semiprime|d<=4,o4_odd_semiprime|d<=4,8.571430536735144e-10,0,1,0,0,1,1,1,1,1,1,1,o4_odd_semiprime|d<=4,o2_odd_semiprime|d<=4,o2_odd_semiprime|d<=4,,,o4_odd_semiprime|d<=4,0,1,1,1,0,1,0,0,0,0
10^18,73,1000000000000003271,o4_odd_semiprime|d<=4,o2_odd_semiprime|d<=4,4.2857152726532884e-10,0,1,0,0,0,1,1,1,1,1,1,o4_odd_semiprime|d<=4,o4_odd_semiprime|d<=4,o4_odd_semiprime|d<=4,o6_higher_divisor_odd|5<=d<=16,o6_higher_divisor_odd|5<=d<=16,o4_odd_semiprime|d<=4,1,1,0,0,0,1,0,0,1,0
10^18,74,1000000000000003279,o2_higher_divisor_even|17<=d<=64,o4_odd_semiprime|d<=4,3.714286572816525e-09,0,1,0,0,0,0,1,1,1,1,0,o4_odd_semiprime|d<=4,o4_odd_semiprime|d<=4,o4_odd_semiprime|d<=4,o4_odd_semiprime|d<=4,o4_odd_semiprime|d<=4,o4_odd_semiprime|d<=4,0,0,1,0,0,0,0,0,0,0
10^18,76,1000000000000003339,o4_odd_semiprime|d<=4,o4_odd_semiprime|d<=4,4.714286828204345e-09,0,1,0,1,1,1,1,1,1,1,1,o2_odd_semiprime|d<=4,o6_odd_semiprime|d<=4,o6_odd_semiprime|d<=4,,,o2_odd_semiprime|d<=4,0,0,1,0,0,0,0,0,0,0
10^18,77,1000000000000003423,o4_higher_divisor_odd|5<=d<=16,o4_odd_semiprime|d<=4,4.0000009668573765e-09,0,1,0,0,1,1,1,1,1,1,0,o4_odd_semiprime|d<=4,o6_odd_semiprime|d<=4,o6_odd_semiprime|d<=4,o4_higher_divisor_even|5<=d<=16,o4_higher_divisor_even|5<=d<=16,o4_odd_semiprime|d<=4,0,0,1,0,0,0,0,0,0,0
10^18,79,1000000000000003493,o2_odd_semiprime|d<=4,o6_odd_semiprime|d<=4,1.7142861374694922e-09,0,1,0,1,1,1,1,1,1,1,1,o4_odd_semiprime|d<=4,o4_odd_semiprime|d<=4,o4_odd_semiprime|d<=4,o4_odd_semiprime|d<=4,o4_odd_semiprime|d<=4,o4_odd_semiprime|d<=4,0,0,1,0,0,0,0,0,0,0
10^18,80,1000000000000003529,o6_even_semiprime|d<=4,o2_odd_semiprime|d<=4,5.571429961898306e-09,1,0,1,0,1,1,1,1,1,1,0,o4_odd_semiprime|d<=4,o6_odd_semiprime|d<=4,o6_odd_semiprime|d<=4,,,o6_odd_semiprime|d<=4,0,0,1,0,0,0,0,0,0,1
10^18,81,1000000000000003621,o6_odd_semiprime|d<=4,o6_even_semiprime|d<=4,1.5000003828215263e-09,0,1,0,0,0,1,1,1,1,1,1,o4_odd_semiprime|d<=4,o4_odd_semiprime|d<=4,o4_odd_semiprime|d<=4,o4_higher_divisor_even|5<=d<=16,o4_higher_divisor_even|5<=d<=16,o4_odd_semiprime|d<=4,0,0,1,0,0,0,0,0,0,0
10^18,82,1000000000000003643,o2_odd_semiprime|d<=4,o6_odd_semiprime|d<=4,8.571430775510771e-10,0,1,0,0,0,0,1,1,1,1,1,o4_odd_semiprime|d<=4,o4_odd_semiprime|d<=4,o4_odd_semiprime|d<=4,o4_odd_semiprime|d<=4,,o4_odd_semiprime|d<=4,0,0,1,0,0,0,0,0,0,0
10^18,83,1000000000000003661,o4_odd_semiprime|d<=4,o2_odd_semiprime|d<=4,1.4285717977551974e-10,0,1,0,0,0,0,0,1,1,1,1,o4_odd_semiprime|d<=4,o6_odd_semiprime|d<=4,o6_odd_semiprime|d<=4,o4_odd_semiprime|d<=4,,o4_odd_semiprime|d<=4,1,0,0,0,1,0,1,0,1,0
10^18,84,1000000000000003669,o6_odd_semiprime|d<=4,o4_odd_semiprime|d<=4,3.857143857245157e-09,0,1,0,0,0,0,0,1,1,1,1,o4_odd_semiprime|d<=4,o4_odd_semiprime|d<=4,o4_odd_semiprime|d<=4,o4_odd_semiprime|d<=4,o4_odd_semiprime|d<=4,o4_odd_semiprime|d<=4,0,0,1,0,0,0,0,0,0,0
10^18,85,1000000000000003733,o2_higher_divisor_even|17<=d<=64,o6_odd_semiprime|d<=4,5.428572857837111e-09,1,0,1,0,0,0,0,0,1,1,0,o4_odd_semiprime|d<=4,o4_odd_semiprime|d<=4,o2_odd_semiprime|d<=4,o4_odd_semiprime|d<=4,o4_odd_semiprime|d<=4,o4_odd_semiprime|d<=4,0,0,1,0,0,0,0,0,0,0
10^18,87,1000000000000003813,o6_odd_semiprime|d<=4,o4_odd_semiprime|d<=4,1.0142859882878291e-08,1,0,1,1,1,1,1,1,1,1,1,o2_odd_semiprime|d<=4,o2_odd_semiprime|d<=4,o2_odd_semiprime|d<=4,,,o2_odd_semiprime|d<=4,0,0,1,0,0,0,0,0,0,1
10^18,88,1000000000000003973,o6_even_semiprime|d<=4,o6_odd_semiprime|d<=4,6.5714304161229666e-09,1,0,1,0,1,1,1,1,1,1,0,o4_odd_semiprime|d<=4,o4_odd_semiprime|d<=4,o4_odd_semiprime|d<=4,o4_odd_semiprime|d<=4,o4_odd_semiprime|d<=4,o4_odd_semiprime|d<=4,0,0,1,0,0,0,0,0,0,1
10^18,89,1000000000000004071,o4_odd_semiprime|d<=4,o6_even_semiprime|d<=4,6.428573276786246e-10,0,1,0,0,0,1,1,1,1,1,1,o2_odd_semiprime|d<=4,o4_odd_semiprime|d<=4,o4_odd_semiprime|d<=4,,,o2_odd_semiprime|d<=4,0,1,1,1,0,1,0,0,0,0
10^18,90,1000000000000004083,o2_higher_divisor_odd|5<=d<=16,o4_odd_semiprime|d<=4,1.7142862094695309e-09,0,1,0,0,0,0,1,1,1,1,0,o4_odd_semiprime|d<=4,o6_odd_semiprime|d<=4,o6_odd_semiprime|d<=4,o4_odd_semiprime|d<=4,,o4_odd_semiprime|d<=4,0,0,1,0,0,0,0,0,0,0
10^18,92,1000000000000004137,o2_odd_semiprime|d<=4,o4_odd_semiprime|d<=4,2.000000587428744e-09,0,1,0,1,1,1,1,1,1,1,1,o2_odd_semiprime|d<=4,o4_odd_semiprime|d<=4,o4_odd_semiprime|d<=4,,,o2_odd_semiprime|d<=4,1,0,0,0,1,0,0,0,1,0
10^18,93,1000000000000004189,o4_odd_semiprime|d<=4,o2_odd_semiprime|d<=4,8.571431111021161e-10,0,1,0,0,1,1,1,1,1,1,1,o4_odd_semiprime|d<=4,o4_odd_semiprime|d<=4,o2_odd_semiprime|d<=4,,,o4_odd_semiprime|d<=4,1,1,0,0,0,0,0,0,1,0
10^18,94,1000000000000004209,o2_odd_semiprime|d<=4,o4_odd_semiprime|d<=4,7.142859271429205e-10,0,1,0,0,0,1,1,1,1,1,1,o4_odd_semiprime|d<=4,o4_odd_semiprime|d<=4,o2_odd_semiprime|d<=4,o4_odd_semiprime|d<=4,o4_odd_semiprime|d<=4,o4_odd_semiprime|d<=4,0,0,1,0,0,1,0,0,0,0
10^18,95,1000000000000004231,o4_odd_semiprime|d<=4,o2_odd_semiprime|d<=4,5.714287423673981e-09,1,0,1,0,0,0,1,1,1,1,1,o4_odd_semiprime|d<=4,o4_odd_semiprime|d<=4,o4_odd_semiprime|d<=4,o4_odd_semiprime|d<=4,o4_odd_semiprime|d<=4,o4_odd_semiprime|d<=4,1,1,0,0,0,1,1,1,1,1
10^18,96,1000000000000004317,o4_higher_divisor_odd|5<=d<=16,o4_odd_semiprime|d<=4,4.285715594082032e-09,0,1,0,0,0,0,0,1,1,1,0,o4_odd_semiprime|d<=4,o4_odd_semiprime|d<=4,o4_odd_semiprime|d<=4,o4_odd_semiprime|d<=4,o4_odd_semiprime|d<=4,o4_odd_semiprime|d<=4,0,0,1,0,0,0,0,0,0,0
10^18,98,1000000000000004387,o4_odd_semiprime|d<=4,o2_odd_semiprime|d<=4,1.7142862457144504e-09,0,1,0,1,1,1,1,1,1,1,1,o2_odd_semiprime|d<=4,o6_even_semiprime|d<=4,o6_even_semiprime|d<=4,o4_higher_divisor_even|5<=d<=16,o4_higher_divisor_even|5<=d<=16,o2_odd_semiprime|d<=4,0,0,1,0,0,0,0,0,0,0
10^18,99,1000000000000004413,o2_higher_divisor_even|17<=d<=64,o4_odd_semiprime|d<=4,2.14285781142878e-09,0,1,0,0,1,1,1,1,1,1,0,o4_odd_semiprime|d<=4,o4_odd_semiprime|d<=4,o4_odd_semiprime|d<=4,o2_odd_semiprime|d<=4,o2_odd_semiprime|d<=4,o4_odd_semiprime|d<=4,0,0,1,0,0,0,0,0,0,0
10^18,101,1000000000000004449,o4_higher_divisor_odd|5<=d<=16,o4_odd_semiprime|d<=4,5.714287514286282e-10,0,1,0,1,1,1,1,1,1,1,0,o2_odd_semiprime|d<=4,o6_odd_semiprime|d<=4,o6_odd_semiprime|d<=4,,,o2_odd_semiprime|d<=4,0,0,1,0,0,0,0,0,0,0
10^18,103,1000000000000004477,o4_odd_semiprime|d<=4,o2_odd_semiprime|d<=4,1.7142862567348656e-09,0,1,0,1,1,1,1,1,1,1,1,o2_odd_semiprime|d<=4,o6_even_semiprime|d<=4,o6_even_semiprime|d<=4,o6_even_semiprime|d<=4,o6_even_semiprime|d<=4,o2_odd_semiprime|d<=4,0,0,1,0,0,0,0,0,0,0
10^18,104,1000000000000004503,o6_odd_semiprime|d<=4,o4_odd_semiprime|d<=4,2.714286579755378e-09,0,1,0,0,1,1,1,1,1,1,1,o4_odd_semiprime|d<=4,o4_odd_semiprime|d<=4,o4_odd_semiprime|d<=4,,,o4_odd_semiprime|d<=4,0,0,1,0,0,0,0,0,0,0
10^18,105,1000000000000004551,o2_even_semiprime|d<=4,o6_odd_semiprime|d<=4,2.8571437771431536e-10,0,1,0,0,0,1,1,1,1,1,0,o4_odd_semiprime|d<=4,o4_odd_semiprime|d<=4,o6_even_semiprime|d<=4,o2_higher_divisor_even|17<=d<=64,o2_higher_divisor_even|17<=d<=64,o4_odd_semiprime|d<=4,0,0,1,0,0,0,0,0,0,0
10^18,106,1000000000000004561,o6_odd_semiprime|d<=4,o2_even_semiprime|d<=4,5.000001613214806e-10,0,1,0,0,0,0,1,1,1,1,1,o2_higher_divisor_odd|5<=d<=16,o2_higher_divisor_odd|5<=d<=16,o2_higher_divisor_odd|5<=d<=16,o2_higher_divisor_odd|5<=d<=16,,o2_higher_divisor_odd|5<=d<=16,0,0,1,0,0,0,0,0,0,0
10^18,107,1000000000000004573,o4_odd_semiprime|d<=4,o6_odd_semiprime|d<=4,1.285714701918502e-09,0,1,0,0,0,0,0,1,1,1,1,o2_odd_semiprime|d<=4,o2_odd_semiprime|d<=4,o2_odd_semiprime|d<=4,o2_odd_semiprime|d<=4,,o2_odd_semiprime|d<=4,0,0,1,0,0,0,0,0,0,0
10^18,108,1000000000000004599,o6_even_semiprime|d<=4,o4_odd_semiprime|d<=4,3.571429737755483e-09,0,1,0,0,0,0,0,1,1,1,0,o2_odd_semiprime|d<=4,o6_higher_divisor_odd|5<=d<=16,o6_higher_divisor_odd|5<=d<=16,o2_odd_semiprime|d<=4,,o2_odd_semiprime|d<=4,0,0,1,0,0,0,0,0,0,0
10^18,109,1000000000000004671,o2_even_semiprime|d<=4,o6_even_semiprime|d<=4,7.071430909546692e-09,1,0,1,0,0,0,0,0,1,1,0,o4_odd_semiprime|d<=4,o4_odd_semiprime|d<=4,o4_odd_semiprime|d<=4,o4_odd_semiprime|d<=4,o4_odd_semiprime|d<=4,o4_odd_semiprime|d<=4,0,0,1,0,0,0,0,0,0,0
10^18,110,1000000000000004777,o4_odd_semiprime|d<=4,o2_even_semiprime|d<=4,1.5000005071073142e-09,0,1,0,0,0,0,0,0,1,1,1,o4_odd_semiprime|d<=4,o6_odd_semiprime|d<=4,o6_odd_semiprime|d<=4,o4_odd_semiprime|d<=4,o4_odd_semiprime|d<=4,o4_odd_semiprime|d<=4,1,0,0,0,1,0,1,1,1,0
10^18,111,1000000000000004803,o2_odd_semiprime|d<=4,o4_odd_semiprime|d<=4,4.285715745918865e-09,0,1,0,0,0,0,0,0,0,1,1,o2_odd_semiprime|d<=4,o4_odd_semiprime|d<=4,o4_odd_semiprime|d<=4,o2_odd_semiprime|d<=4,o2_odd_semiprime|d<=4,o2_odd_semiprime|d<=4,1,0,0,0,1,0,1,1,1,0
10^18,112,1000000000000004879,o2_odd_semiprime|d<=4,o2_odd_semiprime|d<=4,6.428573651939545e-09,1,0,1,0,0,0,0,0,0,1,1,o4_odd_semiprime|d<=4,o4_odd_semiprime|d<=4,o4_odd_semiprime|d<=4,o4_odd_semiprime|d<=4,o4_odd_semiprime|d<=4,o4_odd_semiprime|d<=4,0,0,1,0,0,0,0,0,0,0
10^18,113,1000000000000004981,o4_odd_semiprime|d<=4,o2_odd_semiprime|d<=4,1.4285719324491573e-10,0,1,0,0,0,0,0,0,0,1,1,o2_odd_semiprime|d<=4,o2_odd_semiprime|d<=4,o4_odd_semiprime|d<=4,o2_odd_semiprime|d<=4,o2_odd_semiprime|d<=4,o2_odd_semiprime|d<=4,0,0,1,0,0,1,0,0,0,0
10^18,114,1000000000000004989,o2_odd_semiprime|d<=4,o4_odd_semiprime|d<=4,2.4285722865513236e-09,0,1,0,0,0,0,0,0,0,1,1,o4_odd_semiprime|d<=4,o6_odd_semiprime|d<=4,o6_odd_semiprime|d<=4,o4_odd_semiprime|d<=4,o4_odd_semiprime|d<=4,o4_odd_semiprime|d<=4,0,0,1,0,0,0,0,0,0,0
10^18,115,1000000000000005029,o4_odd_semiprime|d<=4,o2_odd_semiprime|d<=4,3.142858262163664e-09,0,1,0,0,0,0,0,0,0,0,1,o4_odd_semiprime|d<=4,o4_odd_semiprime|d<=4,o4_odd_semiprime|d<=4,o4_odd_semiprime|d<=4,o4_odd_semiprime|d<=4,o4_odd_semiprime|d<=4,1,1,0,0,0,1,1,1,1,0
10^18,116,1000000000000005079,o2_even_semiprime|d<=4,o4_odd_semiprime|d<=4,8.571431657143968e-10,0,1,0,0,0,0,0,0,0,0,0,o4_odd_semiprime|d<=4,o4_odd_semiprime|d<=4,o6_odd_semiprime|d<=4,o4_odd_semiprime|d<=4,o4_odd_semiprime|d<=4,o4_odd_semiprime|d<=4,0,0,1,0,0,0,0,0,0,0
10^18,117,1000000000000005101,o4_odd_semiprime|d<=4,o2_even_semiprime|d<=4,1.5000005431073395e-09,0,1,0,0,0,0,0,0,0,0,1,o4_odd_semiprime|d<=4,o6_odd_semiprime|d<=4,o6_odd_semiprime|d<=4,o4_odd_semiprime|d<=4,o4_odd_semiprime|d<=4,o4_odd_semiprime|d<=4,1,0,0,0,1,0,1,1,1,0
10^18,118,1000000000000005139,o2_higher_divisor_odd|5<=d<=16,o4_odd_semiprime|d<=4,4.714287429612869e-09,0,1,0,0,0,0,0,0,0,0,0,o2_odd_semiprime|d<=4,o2_odd_semiprime|d<=4,o2_odd_semiprime|d<=4,o2_odd_semiprime|d<=4,o2_odd_semiprime|d<=4,o2_odd_semiprime|d<=4,0,0,1,0,0,0,0,0,0,0
10^18,121,1000000000000005227,o6_odd_semiprime|d<=4,o2_odd_semiprime|d<=4,1.7142863507757465e-09,0,1,0,1,1,1,1,1,1,1,1,o2_odd_semiprime|d<=4,o2_odd_semiprime|d<=4,o2_odd_semiprime|d<=4,,,o2_odd_semiprime|d<=4,0,0,1,0,0,0,0,0,0,0
10^18,122,1000000000000005271,o2_even_semiprime|d<=4,o6_odd_semiprime|d<=4,4.428573088653683e-09,0,1,0,0,1,1,1,1,1,1,0,o2_odd_semiprime|d<=4,o2_odd_semiprime|d<=4,o2_odd_semiprime|d<=4,o4_odd_semiprime|d<=4,o4_odd_semiprime|d<=4,o2_odd_semiprime|d<=4,0,0,1,0,0,0,0,0,0,0
10^18,123,1000000000000005359,o2_higher_divisor_odd|5<=d<=16,o2_even_semiprime|d<=4,1.0714289780358686e-09,0,1,0,0,0,1,1,1,1,1,0,o2_higher_divisor_odd|5<=d<=16,o6_odd_semiprime|d<=4,o6_odd_semiprime|d<=4,o6_odd_semiprime|d<=4,o6_odd_semiprime|d<=4,o2_higher_divisor_odd|5<=d<=16,1,0,0,0,1,0,0,0,1,0
10^18,127,1000000000000005451,o2_even_semiprime|d<=4,o6_odd_semiprime|d<=4,5.571430725184506e-09,1,0,1,0,0,1,1,1,1,1,0,o2_odd_semiprime|d<=4,o4_odd_semiprime|d<=4,,,,o4_odd_semiprime|d<=4,0,0,1,0,0,0,0,0,0,1
10^18,129,1000000000000005551,o4_odd_semiprime|d<=4,o2_odd_semiprime|d<=4,2.1428579853064537e-09,0,1,0,0,0,0,0,1,1,1,1,o2_odd_semiprime|d<=4,o4_higher_divisor_even|5<=d<=16,o4_higher_divisor_even|5<=d<=16,o2_odd_semiprime|d<=4,o4_higher_divisor_even|5<=d<=16,o2_odd_semiprime|d<=4,0,0,1,0,0,0,0,0,0,0
10^18,130,1000000000000005583,o2_higher_divisor_odd|5<=d<=16,o4_odd_semiprime|d<=4,1.2857147948573445e-09,0,1,0,0,0,0,0,1,1,1,0,o4_odd_semiprime|d<=4,o6_odd_semiprime|d<=4,o6_odd_semiprime|d<=4,o4_odd_semiprime|d<=4,,o4_odd_semiprime|d<=4,0,0,1,0,0,0,0,0,0,0
10^18,132,1000000000000005647,o4_odd_semiprime|d<=4,o2_odd_semiprime|d<=4,1.0000004007144462e-09,0,1,0,1,1,1,1,1,1,1,1,o4_odd_semiprime|d<=4,o4_odd_semiprime|d<=4,o4_odd_semiprime|d<=4,,,o4_odd_semiprime|d<=4,1,1,0,0,0,1,0,0,1,0
10^18,133,1000000000000005673,o4_higher_divisor_even|5<=d<=16,o4_odd_semiprime|d<=4,4.000001608000646e-09,0,1,0,0,1,1,1,1,1,1,0,o4_odd_semiprime|d<=4,o6_odd_semiprime|d<=4,o6_odd_semiprime|d<=4,o6_even_semiprime|d<=4,o6_even_semiprime|d<=4,o4_odd_semiprime|d<=4,0,0,1,0,0,0,0,0,0,0
10^18,137,1000000000000005857,o4_odd_semiprime|d<=4,o2_odd_semiprime|d<=4,7.428574513552301e-09,1,0,1,0,1,1,1,1,1,1,1,o2_odd_semiprime|d<=4,o2_odd_semiprime|d<=4,o2_odd_semiprime|d<=4,,,o2_odd_semiprime|d<=4,0,0,1,0,0,0,0,0,0,1
10^18,138,1000000000000005967,o2_odd_semiprime|d<=4,o4_odd_semiprime|d<=4,5.71428813551123e-10,0,1,0,0,0,1,1,1,1,1,1,o4_odd_semiprime|d<=4,o6_odd_semiprime|d<=4,o6_odd_semiprime|d<=4,o6_even_semiprime|d<=4,o6_even_semiprime|d<=4,o4_odd_semiprime|d<=4,0,0,1,0,0,0,0,0,0,0
10^18,139,1000000000000005989,o6_even_semiprime|d<=4,o2_odd_semiprime|d<=4,1.8571436458982942e-09,0,1,0,0,0,0,1,1,1,1,0,o4_odd_semiprime|d<=4,o4_odd_semiprime|d<=4,o4_odd_semiprime|d<=4,o4_odd_semiprime|d<=4,o4_even_semiprime|d<=4,o4_odd_semiprime|d<=4,0,0,1,0,0,0,0,0,0,0
10^18,140,1000000000000006021,o4_odd_semiprime|d<=4,o6_even_semiprime|d<=4,3.5714300982149384e-10,0,1,0,0,0,0,0,1,1,1,1,o4_odd_semiprime|d<=4,o2_odd_semiprime|d<=4,o2_odd_semiprime|d<=4,o4_odd_semiprime|d<=4,,o4_odd_semiprime|d<=4,1,0,0,0,1,0,1,0,1,0
10^18,141,1000000000000006039,o4_odd_semiprime|d<=4,o4_odd_semiprime|d<=4,1.8571436522656466e-09,0,1,0,0,0,0,0,1,1,1,1,o4_odd_semiprime|d<=4,o4_odd_semiprime|d<=4,o4_odd_semiprime|d<=4,o4_odd_semiprime|d<=4,o6_higher_divisor_odd|5<=d<=16,o4_odd_semiprime|d<=4,1,1,0,0,0,1,1,0,1,0
10^18,142,1000000000000006069,o2_odd_semiprime|d<=4,o4_odd_semiprime|d<=4,1.2857148389390136e-09,0,1,0,0,0,0,0,0,1,1,1,o4_odd_semiprime|d<=4,o4_odd_semiprime|d<=4,o4_odd_semiprime|d<=4,o4_odd_semiprime|d<=4,o4_odd_semiprime|d<=4,o4_odd_semiprime|d<=4,0,0,1,0,0,0,0,0,0,0
10^18,143,1000000000000006091,o4_odd_semiprime|d<=4,o2_odd_semiprime|d<=4,1.714286455102361e-09,0,1,0,0,0,0,0,0,1,1,1,o4_odd_semiprime|d<=4,o4_odd_semiprime|d<=4,o4_odd_semiprime|d<=4,o4_odd_semiprime|d<=4,o4_odd_semiprime|d<=4,o4_odd_semiprime|d<=4,1,1,0,0,0,1,1,1,1,0
10^18,144,1000000000000006123,o4_odd_semiprime|d<=4,o4_odd_semiprime|d<=4,1.8571436634085133e-09,0,1,0,0,0,0,0,0,0,1,1,o4_odd_semiprime|d<=4,o4_odd_semiprime|d<=4,o4_odd_semiprime|d<=4,o4_odd_semiprime|d<=4,o4_odd_semiprime|d<=4,o4_odd_semiprime|d<=4,1,1,0,0,0,1,1,1,1,0
10^18,145,1000000000000006153,o6_odd_semiprime|d<=4,o4_odd_semiprime|d<=4,4.28571615551102e-10,0,1,0,0,0,0,0,0,0,1,1,o4_odd_semiprime|d<=4,o4_odd_semiprime|d<=4,o4_odd_semiprime|d<=4,o4_odd_semiprime|d<=4,o4_odd_semiprime|d<=4,o4_odd_semiprime|d<=4,0,0,1,0,0,0,0,0,0,0
10^18,146,1000000000000006163,o6_odd_semiprime|d<=4,o6_odd_semiprime|d<=4,4.2857161579600015e-10,0,1,0,0,0,0,0,0,0,1,1,o4_odd_semiprime|d<=4,o6_odd_semiprime|d<=4,o4_odd_semiprime|d<=4,o4_odd_semiprime|d<=4,o4_odd_semiprime|d<=4,o4_odd_semiprime|d<=4,0,1,1,1,0,0,0,0,0,0
10^18,147,1000000000000006171,o4_odd_semiprime|d<=4,o6_odd_semiprime|d<=4,4.000001755429342e-09,0,1,0,0,0,0,0,0,0,1,1,o2_odd_semiprime|d<=4,o2_odd_semiprime|d<=4,,o2_odd_semiprime|d<=4,o2_odd_semiprime|d<=4,o2_odd_semiprime|d<=4,0,0,1,0,0,0,0,0,0,0
10^18,148,1000000000000006249,o4_odd_semiprime|d<=4,o4_odd_semiprime|d<=4,1.0000004431430534e-09,0,1,0,0,0,0,0,0,0,0,1,o2_odd_semiprime|d<=4,o2_odd_semiprime|d<=4,,o2_odd_semiprime|d<=4,o2_odd_semiprime|d<=4,o2_odd_semiprime|d<=4,0,0,1,0,0,0,0,0,0,0
10^18,149,1000000000000006267,o6_even_semiprime|d<=4,o4_odd_semiprime|d<=4,7.142860318368759e-10,0,1,0,0,0,0,0,0,0,0,0,o4_odd_semiprime|d<=4,o2_odd_semiprime|d<=4,o6_odd_semiprime|d<=4,o4_odd_semiprime|d<=4,o4_odd_semiprime|d<=4,o4_odd_semiprime|d<=4,0,0,1,0,0,0,0,0,0,0
10^18,150,1000000000000006283,o2_odd_semiprime|d<=4,o6_even_semiprime|d<=4,1.0714290487502126e-09,0,1,0,0,0,0,0,0,0,0,1,o4_odd_semiprime|d<=4,o4_odd_semiprime|d<=4,o4_odd_semiprime|d<=4,o4_odd_semiprime|d<=4,o4_odd_semiprime|d<=4,o4_odd_semiprime|d<=4,0,0,1,0,0,0,0,0,0,0
10^18,151,1000000000000006301,o2_odd_semiprime|d<=4,o2_odd_semiprime|d<=4,1.2857148615308702e-09,0,1,0,0,0,0,0,0,0,0,1,o4_odd_semiprime|d<=4,o4_odd_semiprime|d<=4,o4_odd_semiprime|d<=4,o4_odd_semiprime|d<=4,o4_odd_semiprime|d<=4,o4_odd_semiprime|d<=4,0,0,1,0,0,0,0,0,0,0
10^18,152,1000000000000006337,o2_odd_semiprime|d<=4,o2_odd_semiprime|d<=4,1.7142864879187166e-09,0,1,0,0,0,0,0,0,0,0,1,o2_odd_semiprime|d<=4,o6_odd_semiprime|d<=4,o6_odd_semiprime|d<=4,o2_odd_semiprime|d<=4,o2_odd_semiprime|d<=4,o2_odd_semiprime|d<=4,1,0,0,0,1,0,1,1,1,0
10^18,153,1000000000000006391,o4_odd_semiprime|d<=4,o2_odd_semiprime|d<=4,2.5714297366535893e-09,0,1,0,0,0,0,0,0,0,0,1,o2_odd_semiprime|d<=4,o6_odd_semiprime|d<=4,o6_odd_semiprime|d<=4,o2_odd_semiprime|d<=4,o2_odd_semiprime|d<=4,o2_odd_semiprime|d<=4,0,0,1,0,0,0,0,0,0,0
10^18,154,1000000000000006429,o6_even_semiprime|d<=4,o4_odd_semiprime|d<=4,4.85714507200101e-09,1,0,1,0,0,0,0,0,0,0,0,o4_odd_semiprime|d<=4,o6_odd_semiprime|d<=4,o6_odd_semiprime|d<=4,o4_odd_semiprime|d<=4,o4_odd_semiprime|d<=4,o4_odd_semiprime|d<=4,0,0,1,0,0,0,0,0,0,0
10^18,155,1000000000000006501,o6_odd_semiprime|d<=4,o6_even_semiprime|d<=4,5.500002539822602e-09,1,0,1,0,0,0,0,0,0,0,1,o4_odd_semiprime|d<=4,o2_odd_semiprime|d<=4,o2_odd_semiprime|d<=4,o4_odd_semiprime|d<=4,o4_odd_semiprime|d<=4,o4_odd_semiprime|d<=4,0,0,1,0,0,0,0,0,0,0
10^18,160,1000000000000006787,o2_higher_divisor_odd|5<=d<=16,o2_odd_semiprime|d<=4,2.571429810123046e-09,0,1,0,0,1,1,1,1,1,1,0,o4_odd_semiprime|d<=4,o6_odd_semiprime|d<=4,o6_odd_semiprime|d<=4,,,o4_odd_semiprime|d<=4,0,0,1,0,0,0,0,0,0,0
10^18,162,1000000000000006849,o2_odd_semiprime|d<=4,o4_odd_semiprime|d<=4,7.142860618369038e-10,0,1,0,1,1,1,1,1,1,1,1,o2_odd_semiprime|d<=4,o2_odd_semiprime|d<=4,o2_odd_semiprime|d<=4,,,o2_odd_semiprime|d<=4,1,1,0,0,0,1,0,0,1,0
10^18,163,1000000000000006871,o4_higher_divisor_odd|5<=d<=16,o2_odd_semiprime|d<=4,3.5714303147967694e-09,0,1,0,0,1,1,1,1,1,1,0,o4_odd_semiprime|d<=4,o4_odd_semiprime|d<=4,o2_odd_semiprime|d<=4,o4_odd_semiprime|d<=4,o4_odd_semiprime|d<=4,o4_odd_semiprime|d<=4,0,0,1,0,0,0,0,0,0,0
10^18,165,1000000000000006939,o6_odd_semiprime|d<=4,o4_even_semiprime|d<=4,4.92857385518997e-09,1,0,1,1,1,1,1,1,1,1,1,o2_odd_semiprime|d<=4,o2_odd_semiprime|d<=4,o2_odd_semiprime|d<=4,o2_odd_semiprime|d<=4,o2_odd_semiprime|d<=4,o2_odd_semiprime|d<=4,0,0,1,0,0,0,0,0,0,1
10^18,167,1000000000000007063,o6_odd_semiprime|d<=4,o6_odd_semiprime|d<=4,1.4285721461228095e-09,0,1,0,0,0,1,1,1,1,1,1,o2_odd_semiprime|d<=4,o2_odd_semiprime|d<=4,o2_odd_semiprime|d<=4,o2_odd_semiprime|d<=4,o2_odd_semiprime|d<=4,o2_odd_semiprime|d<=4,0,0,1,0,0,0,0,0,0,0
10^18,168,1000000000000007101,o4_odd_semiprime|d<=4,o6_odd_semiprime|d<=4,5.142859735593144e-09,1,0,1,0,0,0,1,1,1,1,1,o2_odd_semiprime|d<=4,o4_odd_semiprime|d<=4,,o2_odd_semiprime|d<=4,,o4_odd_semiprime|d<=4,0,1,1,1,0,0,0,0,1,1
10^18,169,1000000000000007179,o4_odd_semiprime|d<=4,o4_odd_semiprime|d<=4,1.0000005095716882e-09,0,1,0,0,0,0,0,1,1,1,1,o2_odd_semiprime|d<=4,o2_odd_semiprime|d<=4,,o2_odd_semiprime|d<=4,o4_odd_semiprime|d<=4,o2_odd_semiprime|d<=4,0,0,1,0,0,0,0,1,0,0
10^18,170,1000000000000007197,o6_higher_divisor_even|5<=d<=16,o4_odd_semiprime|d<=4,3.0000015325722116e-09,0,1,0,0,0,0,0,1,1,1,0,o4_odd_semiprime|d<=4,o2_odd_semiprime|d<=4,o4_odd_semiprime|d<=4,o4_odd_semiprime|d<=4,o6_odd_semiprime|d<=4,o4_odd_semiprime|d<=4,0,0,1,0,0,0,0,0,0,0
10^18,172,1000000000000007249,o4_odd_semiprime|d<=4,o2_odd_semiprime|d<=4,1.0000005147145507e-09,0,1,0,1,1,1,1,1,1,1,1,o6_odd_semiprime|d<=4,o6_odd_semiprime|d<=4,o6_odd_semiprime|d<=4,,,o6_odd_semiprime|d<=4,0,0,1,0,0,0,0,0,0,0
10^18,173,1000000000000007269,o4_odd_semiprime|d<=4,o4_odd_semiprime|d<=4,1.4285721669391572e-10,0,1,0,0,1,1,1,1,1,1,1,o4_odd_semiprime|d<=4,o6_odd_semiprime|d<=4,o6_odd_semiprime|d<=4,,,o4_odd_semiprime|d<=4,1,0,0,0,1,0,0,0,1,0
10^18,174,1000000000000007287,o2_odd_semiprime|d<=4,o4_odd_semiprime|d<=4,2.571429901592525e-09,0,1,0,0,0,1,1,1,1,1,1,o4_odd_semiprime|d<=4,o4_odd_semiprime|d<=4,o4_odd_semiprime|d<=4,o6_odd_semiprime|d<=4,o6_odd_semiprime|d<=4,o4_odd_semiprime|d<=4,0,0,1,0,0,0,0,0,0,0
10^18,175,1000000000000007327,o6_odd_semiprime|d<=4,o2_odd_semiprime|d<=4,3.714287648898967e-09,0,1,0,0,0,0,1,1,1,1,1,o4_odd_semiprime|d<=4,o4_odd_semiprime|d<=4,o4_odd_semiprime|d<=4,o4_odd_semiprime|d<=4,o2_odd_semiprime|d<=4,o4_odd_semiprime|d<=4,0,0,1,0,0,0,0,0,0,0
10^18,176,1000000000000007393,o4_odd_semiprime|d<=4,o6_odd_semiprime|d<=4,2.1428582690822246e-09,0,1,0,0,0,0,0,1,1,1,1,o2_odd_semiprime|d<=4,o2_odd_semiprime|d<=4,o6_odd_semiprime|d<=4,o2_odd_semiprime|d<=4,o6_odd_semiprime|d<=4,o2_odd_semiprime|d<=4,0,0,1,0,0,0,0,0,0,0
10^18,177,1000000000000007437,o6_odd_semiprime|d<=4,o4_odd_semiprime|d<=4,1.0000005278574214e-09,0,1,0,0,0,0,0,1,1,1,1,o2_odd_semiprime|d<=4,o6_odd_semiprime|d<=4,,o2_odd_semiprime|d<=4,o6_odd_semiprime|d<=4,o2_odd_semiprime|d<=4,0,1,1,1,0,0,0,1,0,0
10^18,178,1000000000000007453,o4_odd_semiprime|d<=4,o6_odd_semiprime|d<=4,8.571433105716684e-10,0,1,0,0,0,0,0,0,1,1,1,o4_odd_semiprime|d<=4,o4_odd_semiprime|d<=4,,o4_odd_semiprime|d<=4,o4_odd_semiprime|d<=4,o4_odd_semiprime|d<=4,1,1,0,0,0,0,1,1,1,0
10^18,179,1000000000000007467,o4_odd_semiprime|d<=4,o4_odd_semiprime|d<=4,2.7142871532456607e-09,0,1,0,0,0,0,0,0,1,1,1,o2_odd_semiprime|d<=4,o4_odd_semiprime|d<=4,o4_odd_semiprime|d<=4,o2_odd_semiprime|d<=4,o2_odd_semiprime|d<=4,o2_odd_semiprime|d<=4,0,1,1,1,0,1,0,0,0,0
10^18,180,1000000000000007509,o4_higher_divisor_odd|5<=d<=16,o4_odd_semiprime|d<=4,8.571433142451417e-10,0,1,0,0,0,0,0,0,0,1,0,o4_odd_semiprime|d<=4,o2_odd_semiprime|d<=4,o6_odd_semiprime|d<=4,o4_odd_semiprime|d<=4,o4_odd_semiprime|d<=4,o4_odd_semiprime|d<=4,0,0,1,0,0,0,0,0,0,0
10^18,182,1000000000000007551,o6_even_semiprime|d<=4,o6_odd_semiprime|d<=4,6.000003217716011e-09,1,0,1,1,1,1,1,1,1,1,0,o4_odd_semiprime|d<=4,o4_odd_semiprime|d<=4,o4_odd_semiprime|d<=4,,,o4_odd_semiprime|d<=4,0,0,1,0,0,0,0,0,0,1
10^18,183,1000000000000007641,o2_higher_divisor_even|d>64,o6_even_semiprime|d<=4,2.785715796567146e-09,0,1,0,0,1,1,1,1,1,1,0,o2_odd_semiprime|d<=4,o6_odd_semiprime|d<=4,o6_odd_semiprime|d<=4,,,o2_odd_semiprime|d<=4,0,0,1,0,0,0,0,0,0,0
10^18,187,1000000000000007777,o6_odd_semiprime|d<=4,o2_odd_semiprime|d<=4,2.28571554808233e-09,0,1,0,1,1,1,1,1,1,1,1,o6_odd_semiprime|d<=4,o6_odd_semiprime|d<=4,o6_odd_semiprime|d<=4,,,o6_odd_semiprime|d<=4,1,1,0,0,0,1,0,0,1,0
10^18,188,1000000000000007813,o4_even_semiprime|d<=4,o6_odd_semiprime|d<=4,2.85714444367435e-09,0,1,0,0,1,1,1,1,1,1,0,o2_odd_semiprime|d<=4,o4_even_semiprime|d<=4,o4_even_semiprime|d<=4,,,o2_odd_semiprime|d<=4,0,1,1,1,0,1,0,0,0,0
10^18,189,1000000000000007863,o6_odd_semiprime|d<=4,o4_even_semiprime|d<=4,3.9285736254859224e-09,0,1,0,0,0,1,1,1,1,1,1,o2_odd_semiprime|d<=4,o4_odd_semiprime|d<=4,o4_odd_semiprime|d<=4,,,o2_odd_semiprime|d<=4,0,0,1,0,0,0,0,0,0,0
10^18,190,1000000000000007933,o4_odd_semiprime|d<=4,o6_odd_semiprime|d<=4,5.714288934695692e-10,0,1,0,0,0,0,1,1,1,1,1,o2_odd_semiprime|d<=4,o4_odd_semiprime|d<=4,o4_odd_semiprime|d<=4,o2_odd_semiprime|d<=4,,o2_odd_semiprime|d<=4,0,1,1,1,0,1,0,0,0,0
10^18,191,1000000000000007947,o4_odd_semiprime|d<=4,o4_odd_semiprime|d<=4,1.0285720092737972e-08,1,0,1,0,0,0,0,1,1,1,1,o2_odd_semiprime|d<=4,o4_odd_semiprime|d<=4,o4_odd_semiprime|d<=4,o2_odd_semiprime|d<=4,o4_odd_semiprime|d<=4,o4_odd_semiprime|d<=4,0,1,1,1,0,1,0,1,1,1
10^18,192,1000000000000008097,o4_odd_semiprime|d<=4,o4_odd_semiprime|d<=4,1.428572250204554e-10,0,1,0,0,0,0,0,1,1,1,1,o4_odd_semiprime|d<=4,o2_odd_semiprime|d<=4,o2_odd_semiprime|d<=4,o4_odd_semiprime|d<=4,o2_odd_semiprime|d<=4,o4_odd_semiprime|d<=4,1,0,0,0,1,0,1,0,1,0
10^18,193,1000000000000008103,o6_odd_semiprime|d<=4,o4_odd_semiprime|d<=4,2.857144502041763e-10,0,1,0,0,0,0,0,0,1,1,1,o4_odd_semiprime|d<=4,o4_odd_semiprime|d<=4,o4_odd_semiprime|d<=4,o4_odd_semiprime|d<=4,o4_odd_semiprime|d<=4,o4_odd_semiprime|d<=4,0,0,1,0,0,0,0,0,0,0
10^18,194,1000000000000008113,o4_odd_semiprime|d<=4,o6_odd_semiprime|d<=4,2.571430054041671e-09,0,1,0,0,0,0,0,0,1,1,1,o4_odd_semiprime|d<=4,o6_odd_semiprime|d<=4,o2_odd_semiprime|d<=4,o4_odd_semiprime|d<=4,o4_odd_semiprime|d<=4,o4_odd_semiprime|d<=4,1,0,0,0,1,0,1,1,1,0
10^18,195,1000000000000008157,o6_odd_semiprime|d<=4,o4_odd_semiprime|d<=4,4.714288447899545e-09,1,0,1,0,0,0,0,0,0,1,1,o2_odd_semiprime|d<=4,o4_odd_semiprime|d<=4,o4_odd_semiprime|d<=4,o2_odd_semiprime|d<=4,o2_odd_semiprime|d<=4,o2_odd_semiprime|d<=4,0,0,1,0,0,0,0,0,0,0
10^18,196,1000000000000008233,o2_odd_semiprime|d<=4,o6_odd_semiprime|d<=4,4.428574018654576e-09,0,1,0,0,0,0,0,0,0,1,1,o4_odd_semiprime|d<=4,o4_odd_semiprime|d<=4,,o4_odd_semiprime|d<=4,o4_odd_semiprime|d<=4,o4_odd_semiprime|d<=4,0,0,1,0,0,0,0,0,0,0
10^18,197,1000000000000008299,o4_even_semiprime|d<=4,o2_odd_semiprime|d<=4,5.571431855389691e-09,1,0,1,0,0,0,0,0,0,1,0,o4_odd_semiprime|d<=4,o4_odd_semiprime|d<=4,o4_odd_semiprime|d<=4,o4_odd_semiprime|d<=4,o4_odd_semiprime|d<=4,o4_odd_semiprime|d<=4,0,0,1,0,0,0,0,0,0,0
10^18,198,1000000000000008379,o2_higher_divisor_even|5<=d<=16,o4_even_semiprime|d<=4,5.642860501568326e-09,1,0,1,0,0,0,0,0,0,1,0,o6_odd_semiprime|d<=4,o6_odd_semiprime|d<=4,o6_odd_semiprime|d<=4,o6_odd_semiprime|d<=4,o6_odd_semiprime|d<=4,o6_odd_semiprime|d<=4,0,0,1,0,0,0,0,0,0,0
10^18,202,1000000000000008523,o4_odd_semiprime|d<=4,o4_odd_semiprime|d<=4,5.571431946124493e-09,1,0,1,0,1,1,1,1,1,1,1,o2_odd_semiprime|d<=4,o2_odd_semiprime|d<=4,o2_odd_semiprime|d<=4,o2_odd_semiprime|d<=4,o2_odd_semiprime|d<=4,o2_odd_semiprime|d<=4,0,0,1,0,0,0,0,0,0,1
10^18,203,1000000000000008607,o2_odd_semiprime|d<=4,o4_odd_semiprime|d<=4,4.2857169067362966e-10,0,1,0,0,0,1,1,1,1,1,1,o4_odd_semiprime|d<=4,o2_odd_semiprime|d<=4,o2_odd_semiprime|d<=4,o4_even_semiprime|d<=4,o4_even_semiprime|d<=4,o4_odd_semiprime|d<=4,0,1,1,1,0,1,0,0,0,0
10^18,204,1000000000000008617,o2_higher_divisor_even|d>64,o2_odd_semiprime|d<=4,2.28571568620494e-09,0,1,0,0,0,0,1,1,1,1,0,o4_odd_semiprime|d<=4,o4_odd_semiprime|d<=4,o4_odd_semiprime|d<=4,o4_odd_semiprime|d<=4,o6_odd_semiprime|d<=4,o4_odd_semiprime|d<=4,0,0,1,0,0,0,0,0,0,0
10^18,212,1000000000000008907,o4_odd_semiprime|d<=4,o4_even_semiprime|d<=4,3.571430832909595e-10,0,1,0,0,1,1,1,1,1,1,1,o4_odd_semiprime|d<=4,o4_odd_semiprime|d<=4,o4_odd_semiprime|d<=4,,,o4_odd_semiprime|d<=4,1,1,0,0,0,1,0,0,1,0
10^18,213,1000000000000008919,o6_odd_semiprime|d<=4,o4_odd_semiprime|d<=4,4.857145935879503e-09,1,0,1,0,0,1,1,1,1,1,1,o2_odd_semiprime|d<=4,o2_odd_semiprime|d<=4,o2_odd_semiprime|d<=4,,,o2_odd_semiprime|d<=4,0,0,1,0,0,0,0,0,0,1
10^18,214,1000000000000008991,o2_odd_semiprime|d<=4,o6_odd_semiprime|d<=4,3.1428591506951603e-09,0,1,0,0,0,0,1,1,1,1,1,o4_odd_semiprime|d<=4,o4_odd_semiprime|d<=4,o4_odd_semiprime|d<=4,o4_odd_semiprime|d<=4,,o4_odd_semiprime|d<=4,0,0,1,0,0,0,0,0,0,0
10^18,215,1000000000000009037,o4_higher_divisor_odd|5<=d<=16,o2_odd_semiprime|d<=4,3.4285736302054954e-09,0,1,0,0,0,0,0,1,1,1,0,o4_odd_semiprime|d<=4,o4_odd_semiprime|d<=4,o4_odd_semiprime|d<=4,o4_odd_semiprime|d<=4,o6_odd_semiprime|d<=4,o4_odd_semiprime|d<=4,0,0,1,0,0,0,0,0,0,0
10^18,217,1000000000000009103,o4_odd_semiprime|d<=4,o6_odd_semiprime|d<=4,3.0000019418583997e-09,0,1,0,1,1,1,1,1,1,1,1,o4_odd_semiprime|d<=4,o6_higher_divisor_odd|5<=d<=16,o6_higher_divisor_odd|5<=d<=16,,,o4_odd_semiprime|d<=4,1,0,0,0,1,0,0,0,1,0
10^18,218,1000000000000009153,o2_odd_semiprime|d<=4,o4_odd_semiprime|d<=4,1.2857151227148305e-09,0,1,0,0,1,1,1,1,1,1,1,o2_odd_semiprime|d<=4,o2_odd_semiprime|d<=4,o2_odd_semiprime|d<=4,o2_odd_semiprime|d<=4,o2_odd_semiprime|d<=4,o2_odd_semiprime|d<=4,1,1,0,0,0,1,1,1,1,0
10^18,219,1000000000000009181,o4_odd_semiprime|d<=4,o2_odd_semiprime|d<=4,1.4285723616332625e-09,0,1,0,0,0,1,1,1,1,1,1,o4_odd_semiprime|d<=4,o4_odd_semiprime|d<=4,o4_odd_semiprime|d<=4,o4_odd_semiprime|d<=4,o4_odd_semiprime|d<=4,o4_odd_semiprime|d<=4,1,1,0,0,0,1,1,1,1,0
10^18,220,1000000000000009213,o2_odd_semiprime|d<=4,o4_odd_semiprime|d<=4,2.8571447285726545e-09,0,1,0,0,0,0,1,1,1,1,1,o4_odd_semiprime|d<=4,o4_odd_semiprime|d<=4,o4_odd_semiprime|d<=4,o4_odd_semiprime|d<=4,o6_odd_semiprime|d<=4,o4_odd_semiprime|d<=4,0,0,1,0,0,0,0,0,0,0
10^18,221,1000000000000009259,o2_odd_semiprime|d<=4,o2_odd_semiprime|d<=4,3.428573687021896e-09,0,1,0,0,0,0,0,1,1,1,1,o4_odd_semiprime|d<=4,o4_odd_semiprime|d<=4,o4_odd_semiprime|d<=4,o4_odd_semiprime|d<=4,o4_odd_semiprime|d<=4,o4_odd_semiprime|d<=4,0,0,1,0,0,0,0,0,0,0
10^18,222,1000000000000009319,o6_odd_semiprime|d<=4,o2_odd_semiprime|d<=4,1.5714296121639547e-09,0,1,0,0,0,0,0,1,1,1,1,o2_odd_semiprime|d<=4,o2_odd_semiprime|d<=4,o6_odd_semiprime|d<=4,o2_odd_semiprime|d<=4,o4_odd_semiprime|d<=4,o2_odd_semiprime|d<=4,0,0,1,0,0,1,0,0,0,0
10^18,223,1000000000000009343,o6_odd_semiprime|d<=4,o6_odd_semiprime|d<=4,1.7142868540415742e-09,0,1,0,0,0,0,0,0,1,1,1,o2_odd_semiprime|d<=4,o2_odd_semiprime|d<=4,o2_higher_divisor_even|d>64,o2_odd_semiprime|d<=4,o2_odd_semiprime|d<=4,o2_odd_semiprime|d<=4,0,0,1,0,0,0,0,0,0,0
10^18,224,1000000000000009381,o6_odd_semiprime|d<=4,o6_odd_semiprime|d<=4,3.857145429858859e-09,0,1,0,0,0,0,0,0,1,1,1,o2_odd_semiprime|d<=4,o4_odd_semiprime|d<=4,,o2_odd_semiprime|d<=4,o2_odd_semiprime|d<=4,o2_odd_semiprime|d<=4,0,0,1,0,0,0,0,0,0,0
10^18,225,1000000000000009441,o4_odd_semiprime|d<=4,o6_odd_semiprime|d<=4,2.285715820735725e-09,0,1,0,0,0,0,0,0,0,1,1,o2_odd_semiprime|d<=4,o4_odd_semiprime|d<=4,,o2_odd_semiprime|d<=4,o2_odd_semiprime|d<=4,o2_odd_semiprime|d<=4,0,1,1,1,0,0,0,0,0,0
10^18,226,1000000000000009483,o6_odd_semiprime|d<=4,o4_odd_semiprime|d<=4,4.714288892389897e-09,1,0,1,0,0,0,0,0,0,1,1,o2_odd_semiprime|d<=4,o2_odd_semiprime|d<=4,,o2_odd_semiprime|d<=4,o2_odd_semiprime|d<=4,o2_odd_semiprime|d<=4,0,0,1,0,0,0,0,0,0,0
10^18,227,1000000000000009553,o6_odd_semiprime|d<=4,o6_odd_semiprime|d<=4,1.7142868787763013e-09,0,1,0,0,0,0,0,0,0,1,1,o4_odd_semiprime|d<=4,o4_odd_semiprime|d<=4,o6_odd_semiprime|d<=4,o4_odd_semiprime|d<=4,o4_odd_semiprime|d<=4,o4_odd_semiprime|d<=4,0,0,1,0,0,1,0,0,0,0
10^18,228,1000000000000009583,o4_odd_semiprime|d<=4,o6_odd_semiprime|d<=4,3.4285737653893477e-09,0,1,0,0,0,0,0,0,0,1,1,o2_odd_semiprime|d<=4,o2_odd_semiprime|d<=4,o2_odd_semiprime|d<=4,o2_odd_semiprime|d<=4,o2_odd_semiprime|d<=4,o2_odd_semiprime|d<=4,0,0,1,0,0,0,0,0,0,0
10^18,229,1000000000000009639,o2_odd_semiprime|d<=4,o4_odd_semiprime|d<=4,1.2857151673475434e-09,0,1,0,0,0,0,0,0,0,0,1,o2_odd_semiprime|d<=4,o2_odd_semiprime|d<=4,o6_odd_semiprime|d<=4,o2_odd_semiprime|d<=4,o2_odd_semiprime|d<=4,o2_odd_semiprime|d<=4,1,1,0,0,0,0,1,1,1,0
10^18,230,1000000000000009667,o2_odd_semiprime|d<=4,o2_odd_semiprime|d<=4,1.5714296512252318e-09,0,1,0,0,0,0,0,0,0,0,1,o4_odd_semiprime|d<=4,o4_odd_semiprime|d<=4,o2_odd_semiprime|d<=4,o4_odd_semiprime|d<=4,o4_odd_semiprime|d<=4,o4_odd_semiprime|d<=4,0,0,1,0,0,1,0,0,0,0
10^18,231,1000000000000009691,o2_odd_semiprime|d<=4,o2_odd_semiprime|d<=4,2.0000013777152346e-09,0,1,0,0,0,0,0,0,0,0,1,o2_odd_semiprime|d<=4,o2_odd_semiprime|d<=4,o4_odd_semiprime|d<=4,o2_odd_semiprime|d<=4,o2_odd_semiprime|d<=4,o2_odd_semiprime|d<=4,1,1,0,0,0,0,1,1,1,0
10^18,232,1000000000000009721,o4_even_semiprime|d<=4,o2_odd_semiprime|d<=4,1.0000006921433363e-09,0,1,0,0,0,0,0,0,0,0,0,o2_odd_semiprime|d<=4,o6_odd_semiprime|d<=4,o2_higher_divisor_odd|5<=d<=16,o2_odd_semiprime|d<=4,o2_odd_semiprime|d<=4,o2_odd_semiprime|d<=4,0,0,1,0,0,0,0,0,0,0
10^18,233,1000000000000009753,o2_odd_semiprime|d<=4,o4_even_semiprime|d<=4,1.0714293141586782e-09,0,1,0,0,0,0,0,0,0,0,1,o6_odd_semiprime|d<=4,o2_odd_semiprime|d<=4,o2_odd_semiprime|d<=4,o6_odd_semiprime|d<=4,o6_odd_semiprime|d<=4,o6_odd_semiprime|d<=4,0,1,1,1,0,1,0,0,0,0
10^18,234,1000000000000009769,o6_odd_semiprime|d<=4,o2_odd_semiprime|d<=4,1.000000695000483e-09,0,1,0,0,0,0,0,0,0,0,1,o4_odd_semiprime|d<=4,o4_odd_semiprime|d<=4,o4_odd_semiprime|d<=4,o4_odd_semiprime|d<=4,o4_odd_semiprime|d<=4,o4_odd_semiprime|d<=4,0,0,1,0,0,0,0,0,0,0
10^18,235,1000000000000009793,o2_odd_semiprime|d<=4,o6_odd_semiprime|d<=4,8.571434551840907e-10,0,1,0,0,0,0,0,0,0,0,1,o2_odd_semiprime|d<=4,o4_odd_semiprime|d<=4,o4_odd_semiprime|d<=4,o2_odd_semiprime|d<=4,o2_odd_semiprime|d<=4,o2_odd_semiprime|d<=4,1,0,0,0,1,0,1,1,1,0
10^18,236,1000000000000009829,o4_odd_semiprime|d<=4,o2_odd_semiprime|d<=4,8.571434564085823e-10,0,1,0,0,0,0,0,0,0,0,1,o4_odd_semiprime|d<=4,o4_odd_semiprime|d<=4,o4_higher_divisor_even|5<=d<=16,o4_odd_semiprime|d<=4,o4_odd_semiprime|d<=4,o4_odd_semiprime|d<=4,1,1,0,0,0,0,1,1,1,0
10^18,237,1000000000000009849,o4_higher_divisor_odd|5<=d<=16,o4_odd_semiprime|d<=4,3.5714310739813456e-09,0,1,0,0,0,0,0,0,0,0,0,o4_odd_semiprime|d<=4,o4_odd_semiprime|d<=4,o2_odd_semiprime|d<=4,o4_odd_semiprime|d<=4,o4_odd_semiprime|d<=4,o4_odd_semiprime|d<=4,0,0,1,0,0,0,0,0,0,0
10^18,239,1000000000000009919,o6_odd_semiprime|d<=4,o2_odd_semiprime|d<=4,1.2857151934292123e-09,0,1,0,1,1,1,1,1,1,1,1,o2_odd_semiprime|d<=4,o6_even_semiprime|d<=4,o6_even_semiprime|d<=4,o6_even_semiprime|d<=4,o6_even_semiprime|d<=4,o2_odd_semiprime|d<=4,0,0,1,0,0,0,0,0,0,0
10^18,240,1000000000000009951,o2_odd_semiprime|d<=4,o6_odd_semiprime|d<=4,2.8571448791851044e-09,0,1,0,0,1,1,1,1,1,1,1,o2_odd_semiprime|d<=4,o2_odd_semiprime|d<=4,o2_odd_semiprime|d<=4,o6_odd_semiprime|d<=4,o6_odd_semiprime|d<=4,o2_odd_semiprime|d<=4,1,1,0,0,0,1,0,0,1,0
10^18,241,1000000000000009997,o6_higher_divisor_odd|5<=d<=16,o2_odd_semiprime|d<=4,5.714289777145746e-10,0,1,0,0,0,1,1,1,1,1,0,o4_odd_semiprime|d<=4,o4_odd_semiprime|d<=4,o4_higher_divisor_even|5<=d<=16,o4_higher_divisor_even|5<=d<=16,o4_higher_divisor_even|5<=d<=16,o4_odd_semiprime|d<=4,0,0,1,0,0,0,0,0,0,0
10^18,243,1000000000000010017,o2_odd_semiprime|d<=4,o4_odd_semiprime|d<=4,8.571434680412518e-10,0,1,0,1,1,1,1,1,1,1,1,o2_odd_semiprime|d<=4,o2_odd_semiprime|d<=4,o2_odd_semiprime|d<=4,o2_odd_semiprime|d<=4,o2_odd_semiprime|d<=4,o2_odd_semiprime|d<=4,1,1,0,0,0,1,1,1,1,0
10^18,244,1000000000000010039,o6_odd_semiprime|d<=4,o2_odd_semiprime|d<=4,2.1428586722459896e-09,0,1,0,0,1,1,1,1,1,1,1,o4_odd_semiprime|d<=4,o2_odd_semiprime|d<=4,o2_odd_semiprime|d<=4,o6_odd_semiprime|d<=4,o6_odd_semiprime|d<=4,o4_odd_semiprime|d<=4,0,0,1,0,0,0,1,1,0,0
10^18,245,1000000000000010071,o2_odd_semiprime|d<=4,o6_odd_semiprime|d<=4,4.285717360410369e-10,0,1,0,0,0,1,1,1,1,1,1,o2_odd_semiprime|d<=4,o2_odd_semiprime|d<=4,o6_odd_semiprime|d<=4,o6_odd_semiprime|d<=4,o6_odd_semiprime|d<=4,o2_odd_semiprime|d<=4,1,1,0,0,0,0,0,0,1,0
10^18,246,1000000000000010099,o2_odd_semiprime|d<=4,o2_odd_semiprime|d<=4,1.7142869478376222e-09,0,1,0,0,0,0,1,1,1,1,1,o4_odd_semiprime|d<=4,o4_odd_semiprime|d<=4,o2_odd_semiprime|d<=4,o4_odd_semiprime|d<=4,o2_odd_semiprime|d<=4,o4_odd_semiprime|d<=4,0,0,1,0,0,1,0,1,0,0
10^18,247,1000000000000010147,o6_odd_semiprime|d<=4,o2_odd_semiprime|d<=4,5.714289838370323e-10,0,1,0,0,0,0,0,1,1,1,1,o2_odd_semiprime|d<=4,o4_odd_semiprime|d<=4,o4_odd_semiprime|d<=4,o2_odd_semiprime|d<=4,o2_odd_semiprime|d<=4,o2_odd_semiprime|d<=4,0,0,1,0,0,0,0,0,0,0
10^18,248,1000000000000010161,o4_odd_semiprime|d<=4,o6_odd_semiprime|d<=4,1.428572461429318e-10,0,1,0,0,0,0,0,1,1,1,1,o2_odd_semiprime|d<=4,o2_odd_semiprime|d<=4,o6_higher_divisor_even|5<=d<=16,o2_odd_semiprime|d<=4,o6_odd_semiprime|d<=4,o2_odd_semiprime|d<=4,0,0,1,0,0,0,0,0,0,0
10^18,249,1000000000000010173,o2_odd_semiprime|d<=4,o4_odd_semiprime|d<=4,8.571434779596333e-10,0,1,0,0,0,0,0,0,1,1,1,o2_odd_semiprime|d<=4,o6_odd_semiprime|d<=4,o2_odd_semiprime|d<=4,o2_odd_semiprime|d<=4,o2_odd_semiprime|d<=4,o2_odd_semiprime|d<=4,1,0,0,0,1,1,1,1,1,0
10^18,250,1000000000000010201,o6_odd_semiprime|d<=4,o2_odd_semiprime|d<=4,1.3142866680823248e-08,1,0,1,0,0,0,0,0,1,1,1,o4_odd_semiprime|d<=4,o4_odd_semiprime|d<=4,o2_higher_divisor_odd|5<=d<=16,o4_odd_semiprime|d<=4,o4_odd_semiprime|d<=4,o4_odd_semiprime|d<=4,0,0,1,0,0,0,0,0,0,0
10^18,251,1000000000000010393,o4_odd_semiprime|d<=4,o6_odd_semiprime|d<=4,1.7142869833478782e-09,0,1,0,0,0,0,0,0,0,1,1,o2_odd_semiprime|d<=4,o2_odd_semiprime|d<=4,o2_higher_divisor_even|17<=d<=64,o2_odd_semiprime|d<=4,o2_odd_semiprime|d<=4,o2_odd_semiprime|d<=4,0,0,1,0,0,0,0,0,0,0
10^18,252,1000000000000010437,o2_odd_semiprime|d<=4,o4_odd_semiprime|d<=4,4.285717466941137e-10,0,1,0,0,0,0,0,0,0,1,1,o2_odd_semiprime|d<=4,o6_odd_semiprime|d<=4,o2_odd_semiprime|d<=4,o2_odd_semiprime|d<=4,o2_odd_semiprime|d<=4,o2_odd_semiprime|d<=4,1,0,0,0,1,1,1,1,1,0
10^18,253,1000000000000010447,o4_higher_divisor_odd|5<=d<=16,o2_odd_semiprime|d<=4,1.0000007431434094e-09,0,1,0,0,0,0,0,0,0,1,0,o4_odd_semiprime|d<=4,o4_odd_semiprime|d<=4,o4_odd_semiprime|d<=4,o4_odd_semiprime|d<=4,o4_odd_semiprime|d<=4,o4_odd_semiprime|d<=4,0,0,1,0,0,0,0,0,0,0
10^18,255,1000000000000010483,o2_higher_divisor_odd|5<=d<=16,o6_odd_semiprime|d<=4,9.42857845959708e-09,1,0,1,1,1,1,1,1,1,1,0,o4_odd_semiprime|d<=4,o6_higher_divisor_odd|5<=d<=16,o6_higher_divisor_odd|5<=d<=16,,,o6_higher_divisor_odd|5<=d<=16,0,0,1,0,0,0,0,0,0,1
