anchor_p,offset,candidate_q,carrier,carrier_offset,carrier_d,post_carrier_lower_d_count,post_carrier_ge_d_count,interior_prime_offsets,structural_status,structural_reasons,exact_status,exact_reasons
11,2,13,12,1,6,0,0,,SURVIVES,,SURVIVES,
11,6,17,14,3,4,0,2,2,SURVIVES,,REJECTED,INTERIOR_PRIME_BEFORE_CANDIDATE
11,8,19,14,3,4,0,3,2 6,SURVIVES,,REJECTED,INTERIOR_PRIME_BEFORE_CANDIDATE
11,12,23,14,3,4,0,6,2 6 8,SURVIVES,,REJECTED,INTERIOR_PRIME_BEFORE_CANDIDATE
11,18,29,25,14,3,0,3,2 6 8 12,SURVIVES,,REJECTED,INTERIOR_PRIME_BEFORE_CANDIDATE
11,20,31,25,14,3,0,4,2 6 8 12 18,SURVIVES,,REJECTED,INTERIOR_PRIME_BEFORE_CANDIDATE
11,26,37,25,14,3,0,9,2 6 8 12 18 20,SURVIVES,,REJECTED,INTERIOR_PRIME_BEFORE_CANDIDATE
11,30,41,25,14,3,0,12,2 6 8 12 18 20 26,SURVIVES,,REJECTED,INTERIOR_PRIME_BEFORE_CANDIDATE
11,32,43,25,14,3,0,13,2 6 8 12 18 20 26 30,SURVIVES,,REJECTED,INTERIOR_PRIME_BEFORE_CANDIDATE
11,36,47,25,14,3,0,16,2 6 8 12 18 20 26 30 32,SURVIVES,,REJECTED,INTERIOR_PRIME_BEFORE_CANDIDATE
11,38,49,25,14,3,0,17,2 6 8 12 18 20 26 30 32 36,SURVIVES,,REJECTED,CANDIDATE_COMPOSITE INTERIOR_PRIME_BEFORE_CANDIDATE
11,42,53,25,14,3,0,21,2 6 8 12 18 20 26 30 32 36,SURVIVES,,REJECTED,INTERIOR_PRIME_BEFORE_CANDIDATE
11,48,59,25,14,3,0,26,2 6 8 12 18 20 26 30 32 36 42,SURVIVES,,REJECTED,INTERIOR_PRIME_BEFORE_CANDIDATE
11,50,61,25,14,3,0,27,2 6 8 12 18 20 26 30 32 36 42 48,SURVIVES,,REJECTED,INTERIOR_PRIME_BEFORE_CANDIDATE
11,56,67,25,14,3,0,32,2 6 8 12 18 20 26 30 32 36 42 48 50,SURVIVES,,REJECTED,INTERIOR_PRIME_BEFORE_CANDIDATE
11,60,71,25,14,3,0,35,2 6 8 12 18 20 26 30 32 36 42 48 50 56,SURVIVES,,REJECTED,INTERIOR_PRIME_BEFORE_CANDIDATE
11,62,73,25,14,3,0,36,2 6 8 12 18 20 26 30 32 36 42 48 50 56 60,SURVIVES,,REJECTED,INTERIOR_PRIME_BEFORE_CANDIDATE
13,4,17,14,1,4,0,2,,SURVIVES,,SURVIVES,
13,6,19,14,1,4,0,3,4,SURVIVES,,REJECTED,INTERIOR_PRIME_BEFORE_CANDIDATE
13,10,23,14,1,4,0,6,4 6,SURVIVES,,REJECTED,INTERIOR_PRIME_BEFORE_CANDIDATE
13,16,29,25,12,3,0,3,4 6 10,SURVIVES,,REJECTED,INTERIOR_PRIME_BEFORE_CANDIDATE
13,18,31,25,12,3,0,4,4 6 10 16,SURVIVES,,REJECTED,INTERIOR_PRIME_BEFORE_CANDIDATE
13,24,37,25,12,3,0,9,4 6 10 16 18,SURVIVES,,REJECTED,INTERIOR_PRIME_BEFORE_CANDIDATE
13,28,41,25,12,3,0,12,4 6 10 16 18 24,SURVIVES,,REJECTED,INTERIOR_PRIME_BEFORE_CANDIDATE
13,30,43,25,12,3,0,13,4 6 10 16 18 24 28,SURVIVES,,REJECTED,INTERIOR_PRIME_BEFORE_CANDIDATE
13,34,47,25,12,3,0,16,4 6 10 16 18 24 28 30,SURVIVES,,REJECTED,INTERIOR_PRIME_BEFORE_CANDIDATE
13,36,49,25,12,3,0,17,4 6 10 16 18 24 28 30 34,SURVIVES,,REJECTED,CANDIDATE_COMPOSITE INTERIOR_PRIME_BEFORE_CANDIDATE
13,40,53,25,12,3,0,21,4 6 10 16 18 24 28 30 34,SURVIVES,,REJECTED,INTERIOR_PRIME_BEFORE_CANDIDATE
13,46,59,25,12,3,0,26,4 6 10 16 18 24 28 30 34 40,SURVIVES,,REJECTED,INTERIOR_PRIME_BEFORE_CANDIDATE
13,48,61,25,12,3,0,27,4 6 10 16 18 24 28 30 34 40 46,SURVIVES,,REJECTED,INTERIOR_PRIME_BEFORE_CANDIDATE
13,54,67,25,12,3,0,32,4 6 10 16 18 24 28 30 34 40 46 48,SURVIVES,,REJECTED,INTERIOR_PRIME_BEFORE_CANDIDATE
13,58,71,25,12,3,0,35,4 6 10 16 18 24 28 30 34 40 46 48 54,SURVIVES,,REJECTED,INTERIOR_PRIME_BEFORE_CANDIDATE
13,60,73,25,12,3,0,36,4 6 10 16 18 24 28 30 34 40 46 48 54 58,SURVIVES,,REJECTED,INTERIOR_PRIME_BEFORE_CANDIDATE
13,64,77,25,12,3,0,39,4 6 10 16 18 24 28 30 34 40 46 48 54 58 60,SURVIVES,,REJECTED,CANDIDATE_COMPOSITE INTERIOR_PRIME_BEFORE_CANDIDATE
17,2,19,18,1,6,0,0,,SURVIVES,,SURVIVES,
17,6,23,21,4,4,0,1,2,SURVIVES,,REJECTED,INTERIOR_PRIME_BEFORE_CANDIDATE
17,12,29,25,8,3,0,3,2 6,SURVIVES,,REJECTED,INTERIOR_PRIME_BEFORE_CANDIDATE
17,14,31,25,8,3,0,4,2 6 12,SURVIVES,,REJECTED,INTERIOR_PRIME_BEFORE_CANDIDATE
17,20,37,25,8,3,0,9,2 6 12 14,SURVIVES,,REJECTED,INTERIOR_PRIME_BEFORE_CANDIDATE
17,24,41,25,8,3,0,12,2 6 12 14 20,SURVIVES,,REJECTED,INTERIOR_PRIME_BEFORE_CANDIDATE
17,26,43,25,8,3,0,13,2 6 12 14 20 24,SURVIVES,,REJECTED,INTERIOR_PRIME_BEFORE_CANDIDATE
17,30,47,25,8,3,0,16,2 6 12 14 20 24 26,SURVIVES,,REJECTED,INTERIOR_PRIME_BEFORE_CANDIDATE
17,32,49,25,8,3,0,17,2 6 12 14 20 24 26 30,SURVIVES,,REJECTED,CANDIDATE_COMPOSITE INTERIOR_PRIME_BEFORE_CANDIDATE
17,36,53,25,8,3,0,21,2 6 12 14 20 24 26 30,SURVIVES,,REJECTED,INTERIOR_PRIME_BEFORE_CANDIDATE
17,42,59,25,8,3,0,26,2 6 12 14 20 24 26 30 36,SURVIVES,,REJECTED,INTERIOR_PRIME_BEFORE_CANDIDATE
17,44,61,25,8,3,0,27,2 6 12 14 20 24 26 30 36 42,SURVIVES,,REJECTED,INTERIOR_PRIME_BEFORE_CANDIDATE
17,50,67,25,8,3,0,32,2 6 12 14 20 24 26 30 36 42 44,SURVIVES,,REJECTED,INTERIOR_PRIME_BEFORE_CANDIDATE
17,54,71,25,8,3,0,35,2 6 12 14 20 24 26 30 36 42 44 50,SURVIVES,,REJECTED,INTERIOR_PRIME_BEFORE_CANDIDATE
17,56,73,25,8,3,0,36,2 6 12 14 20 24 26 30 36 42 44 50 54,SURVIVES,,REJECTED,INTERIOR_PRIME_BEFORE_CANDIDATE
17,60,77,25,8,3,0,39,2 6 12 14 20 24 26 30 36 42 44 50 54 56,SURVIVES,,REJECTED,CANDIDATE_COMPOSITE INTERIOR_PRIME_BEFORE_CANDIDATE
17,62,79,25,8,3,0,41,2 6 12 14 20 24 26 30 36 42 44 50 54 56,SURVIVES,,REJECTED,INTERIOR_PRIME_BEFORE_CANDIDATE
19,4,23,21,2,4,0,1,,SURVIVES,,SURVIVES,
19,10,29,25,6,3,0,3,4,SURVIVES,,REJECTED,INTERIOR_PRIME_BEFORE_CANDIDATE
19,12,31,25,6,3,0,4,4 10,SURVIVES,,REJECTED,INTERIOR_PRIME_BEFORE_CANDIDATE
19,18,37,25,6,3,0,9,4 10 12,SURVIVES,,REJECTED,INTERIOR_PRIME_BEFORE_CANDIDATE
19,22,41,25,6,3,0,12,4 10 12 18,SURVIVES,,REJECTED,INTERIOR_PRIME_BEFORE_CANDIDATE
19,24,43,25,6,3,0,13,4 10 12 18 22,SURVIVES,,REJECTED,INTERIOR_PRIME_BEFORE_CANDIDATE
19,28,47,25,6,3,0,16,4 10 12 18 22 24,SURVIVES,,REJECTED,INTERIOR_PRIME_BEFORE_CANDIDATE
19,30,49,25,6,3,0,17,4 10 12 18 22 24 28,SURVIVES,,REJECTED,CANDIDATE_COMPOSITE INTERIOR_PRIME_BEFORE_CANDIDATE
19,34,53,25,6,3,0,21,4 10 12 18 22 24 28,SURVIVES,,REJECTED,INTERIOR_PRIME_BEFORE_CANDIDATE
19,40,59,25,6,3,0,26,4 10 12 18 22 24 28 34,SURVIVES,,REJECTED,INTERIOR_PRIME_BEFORE_CANDIDATE
19,42,61,25,6,3,0,27,4 10 12 18 22 24 28 34 40,SURVIVES,,REJECTED,INTERIOR_PRIME_BEFORE_CANDIDATE
19,48,67,25,6,3,0,32,4 10 12 18 22 24 28 34 40 42,SURVIVES,,REJECTED,INTERIOR_PRIME_BEFORE_CANDIDATE
19,52,71,25,6,3,0,35,4 10 12 18 22 24 28 34 40 42 48,SURVIVES,,REJECTED,INTERIOR_PRIME_BEFORE_CANDIDATE
19,54,73,25,6,3,0,36,4 10 12 18 22 24 28 34 40 42 48 52,SURVIVES,,REJECTED,INTERIOR_PRIME_BEFORE_CANDIDATE
19,58,77,25,6,3,0,39,4 10 12 18 22 24 28 34 40 42 48 52 54,SURVIVES,,REJECTED,CANDIDATE_COMPOSITE INTERIOR_PRIME_BEFORE_CANDIDATE
19,60,79,25,6,3,0,41,4 10 12 18 22 24 28 34 40 42 48 52 54,SURVIVES,,REJECTED,INTERIOR_PRIME_BEFORE_CANDIDATE
19,64,83,25,6,3,0,44,4 10 12 18 22 24 28 34 40 42 48 52 54 60,SURVIVES,,REJECTED,INTERIOR_PRIME_BEFORE_CANDIDATE
23,6,29,25,2,3,0,3,,SURVIVES,,SURVIVES,
23,8,31,25,2,3,0,4,6,SURVIVES,,REJECTED,INTERIOR_PRIME_BEFORE_CANDIDATE
23,14,37,25,2,3,0,9,6 8,SURVIVES,,REJECTED,INTERIOR_PRIME_BEFORE_CANDIDATE
23,18,41,25,2,3,0,12,6 8 14,SURVIVES,,REJECTED,INTERIOR_PRIME_BEFORE_CANDIDATE
23,20,43,25,2,3,0,13,6 8 14 18,SURVIVES,,REJECTED,INTERIOR_PRIME_BEFORE_CANDIDATE
23,24,47,25,2,3,0,16,6 8 14 18 20,SURVIVES,,REJECTED,INTERIOR_PRIME_BEFORE_CANDIDATE
23,26,49,25,2,3,0,17,6 8 14 18 20 24,SURVIVES,,REJECTED,CANDIDATE_COMPOSITE INTERIOR_PRIME_BEFORE_CANDIDATE
23,30,53,25,2,3,0,21,6 8 14 18 20 24,SURVIVES,,REJECTED,INTERIOR_PRIME_BEFORE_CANDIDATE
23,36,59,25,2,3,0,26,6 8 14 18 20 24 30,SURVIVES,,REJECTED,INTERIOR_PRIME_BEFORE_CANDIDATE
23,38,61,25,2,3,0,27,6 8 14 18 20 24 30 36,SURVIVES,,REJECTED,INTERIOR_PRIME_BEFORE_CANDIDATE
23,44,67,25,2,3,0,32,6 8 14 18 20 24 30 36 38,SURVIVES,,REJECTED,INTERIOR_PRIME_BEFORE_CANDIDATE
23,48,71,25,2,3,0,35,6 8 14 18 20 24 30 36 38 44,SURVIVES,,REJECTED,INTERIOR_PRIME_BEFORE_CANDIDATE
23,50,73,25,2,3,0,36,6 8 14 18 20 24 30 36 38 44 48,SURVIVES,,REJECTED,INTERIOR_PRIME_BEFORE_CANDIDATE
23,54,77,25,2,3,0,39,6 8 14 18 20 24 30 36 38 44 48 50,SURVIVES,,REJECTED,CANDIDATE_COMPOSITE INTERIOR_PRIME_BEFORE_CANDIDATE
23,56,79,25,2,3,0,41,6 8 14 18 20 24 30 36 38 44 48 50,SURVIVES,,REJECTED,INTERIOR_PRIME_BEFORE_CANDIDATE
23,60,83,25,2,3,0,44,6 8 14 18 20 24 30 36 38 44 48 50 56,SURVIVES,,REJECTED,INTERIOR_PRIME_BEFORE_CANDIDATE
29,2,31,30,1,8,0,0,,SURVIVES,,SURVIVES,
29,8,37,33,4,4,0,3,2,SURVIVES,,REJECTED,INTERIOR_PRIME_BEFORE_CANDIDATE
29,12,41,33,4,4,0,6,2 8,SURVIVES,,REJECTED,INTERIOR_PRIME_BEFORE_CANDIDATE
29,14,43,33,4,4,0,7,2 8 12,SURVIVES,,REJECTED,INTERIOR_PRIME_BEFORE_CANDIDATE
29,18,47,33,4,4,0,10,2 8 12 14,SURVIVES,,REJECTED,INTERIOR_PRIME_BEFORE_CANDIDATE
29,20,49,33,4,4,0,11,2 8 12 14 18,SURVIVES,,REJECTED,CANDIDATE_COMPOSITE INTERIOR_PRIME_BEFORE_CANDIDATE
29,24,53,49,20,3,0,3,2 8 12 14 18,SURVIVES,,REJECTED,INTERIOR_PRIME_BEFORE_CANDIDATE
29,30,59,49,20,3,0,8,2 8 12 14 18 24,SURVIVES,,REJECTED,INTERIOR_PRIME_BEFORE_CANDIDATE
29,32,61,49,20,3,0,9,2 8 12 14 18 24 30,SURVIVES,,REJECTED,INTERIOR_PRIME_BEFORE_CANDIDATE
29,38,67,49,20,3,0,14,2 8 12 14 18 24 30 32,SURVIVES,,REJECTED,INTERIOR_PRIME_BEFORE_CANDIDATE
29,42,71,49,20,3,0,17,2 8 12 14 18 24 30 32 38,SURVIVES,,REJECTED,INTERIOR_PRIME_BEFORE_CANDIDATE
29,44,73,49,20,3,0,18,2 8 12 14 18 24 30 32 38 42,SURVIVES,,REJECTED,INTERIOR_PRIME_BEFORE_CANDIDATE
29,48,77,49,20,3,0,21,2 8 12 14 18 24 30 32 38 42 44,SURVIVES,,REJECTED,CANDIDATE_COMPOSITE INTERIOR_PRIME_BEFORE_CANDIDATE
29,50,79,49,20,3,0,23,2 8 12 14 18 24 30 32 38 42 44,SURVIVES,,REJECTED,INTERIOR_PRIME_BEFORE_CANDIDATE
29,54,83,49,20,3,0,26,2 8 12 14 18 24 30 32 38 42 44 50,SURVIVES,,REJECTED,INTERIOR_PRIME_BEFORE_CANDIDATE
29,60,89,49,20,3,0,31,2 8 12 14 18 24 30 32 38 42 44 50 54,SURVIVES,,REJECTED,INTERIOR_PRIME_BEFORE_CANDIDATE
29,62,91,49,20,3,0,32,2 8 12 14 18 24 30 32 38 42 44 50 54 60,SURVIVES,,REJECTED,CANDIDATE_COMPOSITE INTERIOR_PRIME_BEFORE_CANDIDATE
31,6,37,33,2,4,0,3,,SURVIVES,,SURVIVES,
31,10,41,33,2,4,0,6,6,SURVIVES,,REJECTED,INTERIOR_PRIME_BEFORE_CANDIDATE
31,12,43,33,2,4,0,7,6 10,SURVIVES,,REJECTED,INTERIOR_PRIME_BEFORE_CANDIDATE
31,16,47,33,2,4,0,10,6 10 12,SURVIVES,,REJECTED,INTERIOR_PRIME_BEFORE_CANDIDATE
31,18,49,33,2,4,0,11,6 10 12 16,SURVIVES,,REJECTED,CANDIDATE_COMPOSITE INTERIOR_PRIME_BEFORE_CANDIDATE
31,22,53,49,18,3,0,3,6 10 12 16,SURVIVES,,REJECTED,INTERIOR_PRIME_BEFORE_CANDIDATE
31,28,59,49,18,3,0,8,6 10 12 16 22,SURVIVES,,REJECTED,INTERIOR_PRIME_BEFORE_CANDIDATE
31,30,61,49,18,3,0,9,6 10 12 16 22 28,SURVIVES,,REJECTED,INTERIOR_PRIME_BEFORE_CANDIDATE
31,36,67,49,18,3,0,14,6 10 12 16 22 28 30,SURVIVES,,REJECTED,INTERIOR_PRIME_BEFORE_CANDIDATE
31,40,71,49,18,3,0,17,6 10 12 16 22 28 30 36,SURVIVES,,REJECTED,INTERIOR_PRIME_BEFORE_CANDIDATE
31,42,73,49,18,3,0,18,6 10 12 16 22 28 30 36 40,SURVIVES,,REJECTED,INTERIOR_PRIME_BEFORE_CANDIDATE
31,46,77,49,18,3,0,21,6 10 12 16 22 28 30 36 40 42,SURVIVES,,REJECTED,CANDIDATE_COMPOSITE INTERIOR_PRIME_BEFORE_CANDIDATE
31,48,79,49,18,3,0,23,6 10 12 16 22 28 30 36 40 42,SURVIVES,,REJECTED,INTERIOR_PRIME_BEFORE_CANDIDATE
31,52,83,49,18,3,0,26,6 10 12 16 22 28 30 36 40 42 48,SURVIVES,,REJECTED,INTERIOR_PRIME_BEFORE_CANDIDATE
31,58,89,49,18,3,0,31,6 10 12 16 22 28 30 36 40 42 48 52,SURVIVES,,REJECTED,INTERIOR_PRIME_BEFORE_CANDIDATE
31,60,91,49,18,3,0,32,6 10 12 16 22 28 30 36 40 42 48 52 58,SURVIVES,,REJECTED,CANDIDATE_COMPOSITE INTERIOR_PRIME_BEFORE_CANDIDATE
37,4,41,38,1,4,0,2,,SURVIVES,,SURVIVES,
37,6,43,38,1,4,0,3,4,SURVIVES,,REJECTED,INTERIOR_PRIME_BEFORE_CANDIDATE
37,10,47,38,1,4,0,6,4 6,SURVIVES,,REJECTED,INTERIOR_PRIME_BEFORE_CANDIDATE
37,12,49,38,1,4,0,7,4 6 10,SURVIVES,,REJECTED,CANDIDATE_COMPOSITE INTERIOR_PRIME_BEFORE_CANDIDATE
37,16,53,49,12,3,0,3,4 6 10,SURVIVES,,REJECTED,INTERIOR_PRIME_BEFORE_CANDIDATE
37,22,59,49,12,3,0,8,4 6 10 16,SURVIVES,,REJECTED,INTERIOR_PRIME_BEFORE_CANDIDATE
37,24,61,49,12,3,0,9,4 6 10 16 22,SURVIVES,,REJECTED,INTERIOR_PRIME_BEFORE_CANDIDATE
37,30,67,49,12,3,0,14,4 6 10 16 22 24,SURVIVES,,REJECTED,INTERIOR_PRIME_BEFORE_CANDIDATE
37,34,71,49,12,3,0,17,4 6 10 16 22 24 30,SURVIVES,,REJECTED,INTERIOR_PRIME_BEFORE_CANDIDATE
37,36,73,49,12,3,0,18,4 6 10 16 22 24 30 34,SURVIVES,,REJECTED,INTERIOR_PRIME_BEFORE_CANDIDATE
37,40,77,49,12,3,0,21,4 6 10 16 22 24 30 34 36,SURVIVES,,REJECTED,CANDIDATE_COMPOSITE INTERIOR_PRIME_BEFORE_CANDIDATE
37,42,79,49,12,3,0,23,4 6 10 16 22 24 30 34 36,SURVIVES,,REJECTED,INTERIOR_PRIME_BEFORE_CANDIDATE
37,46,83,49,12,3,0,26,4 6 10 16 22 24 30 34 36 42,SURVIVES,,REJECTED,INTERIOR_PRIME_BEFORE_CANDIDATE
37,52,89,49,12,3,0,31,4 6 10 16 22 24 30 34 36 42 46,SURVIVES,,REJECTED,INTERIOR_PRIME_BEFORE_CANDIDATE
37,54,91,49,12,3,0,32,4 6 10 16 22 24 30 34 36 42 46 52,SURVIVES,,REJECTED,CANDIDATE_COMPOSITE INTERIOR_PRIME_BEFORE_CANDIDATE
37,60,97,49,12,3,0,38,4 6 10 16 22 24 30 34 36 42 46 52,SURVIVES,,REJECTED,INTERIOR_PRIME_BEFORE_CANDIDATE
37,64,101,49,12,3,0,41,4 6 10 16 22 24 30 34 36 42 46 52 60,SURVIVES,,REJECTED,INTERIOR_PRIME_BEFORE_CANDIDATE
41,2,43,42,1,8,0,0,,SURVIVES,,SURVIVES,
41,6,47,46,5,4,0,0,2,SURVIVES,,REJECTED,INTERIOR_PRIME_BEFORE_CANDIDATE
41,8,49,46,5,4,0,1,2 6,SURVIVES,,REJECTED,CANDIDATE_COMPOSITE INTERIOR_PRIME_BEFORE_CANDIDATE
41,12,53,49,8,3,0,3,2 6,SURVIVES,,REJECTED,INTERIOR_PRIME_BEFORE_CANDIDATE
41,18,59,49,8,3,0,8,2 6 12,SURVIVES,,REJECTED,INTERIOR_PRIME_BEFORE_CANDIDATE
41,20,61,49,8,3,0,9,2 6 12 18,SURVIVES,,REJECTED,INTERIOR_PRIME_BEFORE_CANDIDATE
41,26,67,49,8,3,0,14,2 6 12 18 20,SURVIVES,,REJECTED,INTERIOR_PRIME_BEFORE_CANDIDATE
41,30,71,49,8,3,0,17,2 6 12 18 20 26,SURVIVES,,REJECTED,INTERIOR_PRIME_BEFORE_CANDIDATE
41,32,73,49,8,3,0,18,2 6 12 18 20 26 30,SURVIVES,,REJECTED,INTERIOR_PRIME_BEFORE_CANDIDATE
41,36,77,49,8,3,0,21,2 6 12 18 20 26 30 32,SURVIVES,,REJECTED,CANDIDATE_COMPOSITE INTERIOR_PRIME_BEFORE_CANDIDATE
41,38,79,49,8,3,0,23,2 6 12 18 20 26 30 32,SURVIVES,,REJECTED,INTERIOR_PRIME_BEFORE_CANDIDATE
41,42,83,49,8,3,0,26,2 6 12 18 20 26 30 32 38,SURVIVES,,REJECTED,INTERIOR_PRIME_BEFORE_CANDIDATE
41,48,89,49,8,3,0,31,2 6 12 18 20 26 30 32 38 42,SURVIVES,,REJECTED,INTERIOR_PRIME_BEFORE_CANDIDATE
41,50,91,49,8,3,0,32,2 6 12 18 20 26 30 32 38 42 48,SURVIVES,,REJECTED,CANDIDATE_COMPOSITE INTERIOR_PRIME_BEFORE_CANDIDATE
41,56,97,49,8,3,0,38,2 6 12 18 20 26 30 32 38 42 48,SURVIVES,,REJECTED,INTERIOR_PRIME_BEFORE_CANDIDATE
41,60,101,49,8,3,0,41,2 6 12 18 20 26 30 32 38 42 48 56,SURVIVES,,REJECTED,INTERIOR_PRIME_BEFORE_CANDIDATE
41,62,103,49,8,3,0,42,2 6 12 18 20 26 30 32 38 42 48 56 60,SURVIVES,,REJECTED,INTERIOR_PRIME_BEFORE_CANDIDATE
43,4,47,46,3,4,0,0,,SURVIVES,,SURVIVES,
43,6,49,46,3,4,0,1,4,SURVIVES,,REJECTED,CANDIDATE_COMPOSITE INTERIOR_PRIME_BEFORE_CANDIDATE
43,10,53,49,6,3,0,3,4,SURVIVES,,REJECTED,INTERIOR_PRIME_BEFORE_CANDIDATE
43,16,59,49,6,3,0,8,4 10,SURVIVES,,REJECTED,INTERIOR_PRIME_BEFORE_CANDIDATE
43,18,61,49,6,3,0,9,4 10 16,SURVIVES,,REJECTED,INTERIOR_PRIME_BEFORE_CANDIDATE
43,24,67,49,6,3,0,14,4 10 16 18,SURVIVES,,REJECTED,INTERIOR_PRIME_BEFORE_CANDIDATE
43,28,71,49,6,3,0,17,4 10 16 18 24,SURVIVES,,REJECTED,INTERIOR_PRIME_BEFORE_CANDIDATE
43,30,73,49,6,3,0,18,4 10 16 18 24 28,SURVIVES,,REJECTED,INTERIOR_PRIME_BEFORE_CANDIDATE
43,34,77,49,6,3,0,21,4 10 16 18 24 28 30,SURVIVES,,REJECTED,CANDIDATE_COMPOSITE INTERIOR_PRIME_BEFORE_CANDIDATE
43,36,79,49,6,3,0,23,4 10 16 18 24 28 30,SURVIVES,,REJECTED,INTERIOR_PRIME_BEFORE_CANDIDATE
43,40,83,49,6,3,0,26,4 10 16 18 24 28 30 36,SURVIVES,,REJECTED,INTERIOR_PRIME_BEFORE_CANDIDATE
43,46,89,49,6,3,0,31,4 10 16 18 24 28 30 36 40,SURVIVES,,REJECTED,INTERIOR_PRIME_BEFORE_CANDIDATE
43,48,91,49,6,3,0,32,4 10 16 18 24 28 30 36 40 46,SURVIVES,,REJECTED,CANDIDATE_COMPOSITE INTERIOR_PRIME_BEFORE_CANDIDATE
43,54,97,49,6,3,0,38,4 10 16 18 24 28 30 36 40 46,SURVIVES,,REJECTED,INTERIOR_PRIME_BEFORE_CANDIDATE
43,58,101,49,6,3,0,41,4 10 16 18 24 28 30 36 40 46 54,SURVIVES,,REJECTED,INTERIOR_PRIME_BEFORE_CANDIDATE
43,60,103,49,6,3,0,42,4 10 16 18 24 28 30 36 40 46 54 58,SURVIVES,,REJECTED,INTERIOR_PRIME_BEFORE_CANDIDATE
43,64,107,49,6,3,0,45,4 10 16 18 24 28 30 36 40 46 54 58 60,SURVIVES,,REJECTED,INTERIOR_PRIME_BEFORE_CANDIDATE
47,2,49,48,1,10,0,0,,SURVIVES,,REJECTED,CANDIDATE_COMPOSITE
47,6,53,49,2,3,0,3,,SURVIVES,,SURVIVES,
47,12,59,49,2,3,0,8,6,SURVIVES,,REJECTED,INTERIOR_PRIME_BEFORE_CANDIDATE
47,14,61,49,2,3,0,9,6 12,SURVIVES,,REJECTED,INTERIOR_PRIME_BEFORE_CANDIDATE
47,20,67,49,2,3,0,14,6 12 14,SURVIVES,,REJECTED,INTERIOR_PRIME_BEFORE_CANDIDATE
47,24,71,49,2,3,0,17,6 12 14 20,SURVIVES,,REJECTED,INTERIOR_PRIME_BEFORE_CANDIDATE
47,26,73,49,2,3,0,18,6 12 14 20 24,SURVIVES,,REJECTED,INTERIOR_PRIME_BEFORE_CANDIDATE
47,30,77,49,2,3,0,21,6 12 14 20 24 26,SURVIVES,,REJECTED,CANDIDATE_COMPOSITE INTERIOR_PRIME_BEFORE_CANDIDATE
47,32,79,49,2,3,0,23,6 12 14 20 24 26,SURVIVES,,REJECTED,INTERIOR_PRIME_BEFORE_CANDIDATE
47,36,83,49,2,3,0,26,6 12 14 20 24 26 32,SURVIVES,,REJECTED,INTERIOR_PRIME_BEFORE_CANDIDATE
47,42,89,49,2,3,0,31,6 12 14 20 24 26 32 36,SURVIVES,,REJECTED,INTERIOR_PRIME_BEFORE_CANDIDATE
47,44,91,49,2,3,0,32,6 12 14 20 24 26 32 36 42,SURVIVES,,REJECTED,CANDIDATE_COMPOSITE INTERIOR_PRIME_BEFORE_CANDIDATE
47,50,97,49,2,3,0,38,6 12 14 20 24 26 32 36 42,SURVIVES,,REJECTED,INTERIOR_PRIME_BEFORE_CANDIDATE
47,54,101,49,2,3,0,41,6 12 14 20 24 26 32 36 42 50,SURVIVES,,REJECTED,INTERIOR_PRIME_BEFORE_CANDIDATE
47,56,103,49,2,3,0,42,6 12 14 20 24 26 32 36 42 50 54,SURVIVES,,REJECTED,INTERIOR_PRIME_BEFORE_CANDIDATE
47,60,107,49,2,3,0,45,6 12 14 20 24 26 32 36 42 50 54 56,SURVIVES,,REJECTED,INTERIOR_PRIME_BEFORE_CANDIDATE
47,62,109,49,2,3,0,46,6 12 14 20 24 26 32 36 42 50 54 56 60,SURVIVES,,REJECTED,INTERIOR_PRIME_BEFORE_CANDIDATE
53,6,59,55,2,4,0,3,,SURVIVES,,SURVIVES,
53,8,61,55,2,4,0,4,6,SURVIVES,,REJECTED,INTERIOR_PRIME_BEFORE_CANDIDATE
53,14,67,55,2,4,0,9,6 8,SURVIVES,,REJECTED,INTERIOR_PRIME_BEFORE_CANDIDATE
53,18,71,55,2,4,0,12,6 8 14,SURVIVES,,REJECTED,INTERIOR_PRIME_BEFORE_CANDIDATE
53,20,73,55,2,4,0,13,6 8 14 18,SURVIVES,,REJECTED,INTERIOR_PRIME_BEFORE_CANDIDATE
53,24,77,55,2,4,0,16,6 8 14 18 20,SURVIVES,,REJECTED,CANDIDATE_COMPOSITE INTERIOR_PRIME_BEFORE_CANDIDATE
53,26,79,55,2,4,0,18,6 8 14 18 20,SURVIVES,,REJECTED,INTERIOR_PRIME_BEFORE_CANDIDATE
53,30,83,55,2,4,0,21,6 8 14 18 20 26,SURVIVES,,REJECTED,INTERIOR_PRIME_BEFORE_CANDIDATE
53,36,89,55,2,4,0,26,6 8 14 18 20 26 30,SURVIVES,,REJECTED,INTERIOR_PRIME_BEFORE_CANDIDATE
53,38,91,55,2,4,0,27,6 8 14 18 20 26 30 36,SURVIVES,,REJECTED,CANDIDATE_COMPOSITE INTERIOR_PRIME_BEFORE_CANDIDATE
53,44,97,55,2,4,0,33,6 8 14 18 20 26 30 36,SURVIVES,,REJECTED,INTERIOR_PRIME_BEFORE_CANDIDATE
53,48,101,55,2,4,0,36,6 8 14 18 20 26 30 36 44,SURVIVES,,REJECTED,INTERIOR_PRIME_BEFORE_CANDIDATE
53,50,103,55,2,4,0,37,6 8 14 18 20 26 30 36 44 48,SURVIVES,,REJECTED,INTERIOR_PRIME_BEFORE_CANDIDATE
53,54,107,55,2,4,0,40,6 8 14 18 20 26 30 36 44 48 50,SURVIVES,,REJECTED,INTERIOR_PRIME_BEFORE_CANDIDATE
53,56,109,55,2,4,0,41,6 8 14 18 20 26 30 36 44 48 50 54,SURVIVES,,REJECTED,INTERIOR_PRIME_BEFORE_CANDIDATE
53,60,113,55,2,4,0,44,6 8 14 18 20 26 30 36 44 48 50 54 56,SURVIVES,,REJECTED,INTERIOR_PRIME_BEFORE_CANDIDATE
59,2,61,60,1,12,0,0,,SURVIVES,,SURVIVES,
59,8,67,62,3,4,0,4,2,SURVIVES,,REJECTED,INTERIOR_PRIME_BEFORE_CANDIDATE
59,12,71,62,3,4,0,7,2 8,SURVIVES,,REJECTED,INTERIOR_PRIME_BEFORE_CANDIDATE
59,14,73,62,3,4,0,8,2 8 12,SURVIVES,,REJECTED,INTERIOR_PRIME_BEFORE_CANDIDATE
59,18,77,62,3,4,0,11,2 8 12 14,SURVIVES,,REJECTED,CANDIDATE_COMPOSITE INTERIOR_PRIME_BEFORE_CANDIDATE
59,20,79,62,3,4,0,13,2 8 12 14,SURVIVES,,REJECTED,INTERIOR_PRIME_BEFORE_CANDIDATE
59,24,83,62,3,4,0,16,2 8 12 14 20,SURVIVES,,REJECTED,INTERIOR_PRIME_BEFORE_CANDIDATE
59,30,89,62,3,4,0,21,2 8 12 14 20 24,SURVIVES,,REJECTED,INTERIOR_PRIME_BEFORE_CANDIDATE
59,32,91,62,3,4,0,22,2 8 12 14 20 24 30,SURVIVES,,REJECTED,CANDIDATE_COMPOSITE INTERIOR_PRIME_BEFORE_CANDIDATE
59,38,97,62,3,4,0,28,2 8 12 14 20 24 30,SURVIVES,,REJECTED,INTERIOR_PRIME_BEFORE_CANDIDATE
59,42,101,62,3,4,0,31,2 8 12 14 20 24 30 38,SURVIVES,,REJECTED,INTERIOR_PRIME_BEFORE_CANDIDATE
59,44,103,62,3,4,0,32,2 8 12 14 20 24 30 38 42,SURVIVES,,REJECTED,INTERIOR_PRIME_BEFORE_CANDIDATE
59,48,107,62,3,4,0,35,2 8 12 14 20 24 30 38 42 44,SURVIVES,,REJECTED,INTERIOR_PRIME_BEFORE_CANDIDATE
59,50,109,62,3,4,0,36,2 8 12 14 20 24 30 38 42 44 48,SURVIVES,,REJECTED,INTERIOR_PRIME_BEFORE_CANDIDATE
59,54,113,62,3,4,0,39,2 8 12 14 20 24 30 38 42 44 48 50,SURVIVES,,REJECTED,INTERIOR_PRIME_BEFORE_CANDIDATE
59,60,119,62,3,4,0,44,2 8 12 14 20 24 30 38 42 44 48 50 54,SURVIVES,,REJECTED,CANDIDATE_COMPOSITE INTERIOR_PRIME_BEFORE_CANDIDATE
59,62,121,62,3,4,0,46,2 8 12 14 20 24 30 38 42 44 48 50 54,SURVIVES,,REJECTED,CANDIDATE_COMPOSITE INTERIOR_PRIME_BEFORE_CANDIDATE
61,6,67,62,1,4,0,4,,SURVIVES,,SURVIVES,
61,10,71,62,1,4,0,7,6,SURVIVES,,REJECTED,INTERIOR_PRIME_BEFORE_CANDIDATE
61,12,73,62,1,4,0,8,6 10,SURVIVES,,REJECTED,INTERIOR_PRIME_BEFORE_CANDIDATE
61,16,77,62,1,4,0,11,6 10 12,SURVIVES,,REJECTED,CANDIDATE_COMPOSITE INTERIOR_PRIME_BEFORE_CANDIDATE
61,18,79,62,1,4,0,13,6 10 12,SURVIVES,,REJECTED,INTERIOR_PRIME_BEFORE_CANDIDATE
61,22,83,62,1,4,0,16,6 10 12 18,SURVIVES,,REJECTED,INTERIOR_PRIME_BEFORE_CANDIDATE
61,28,89,62,1,4,0,21,6 10 12 18 22,SURVIVES,,REJECTED,INTERIOR_PRIME_BEFORE_CANDIDATE
61,30,91,62,1,4,0,22,6 10 12 18 22 28,SURVIVES,,REJECTED,CANDIDATE_COMPOSITE INTERIOR_PRIME_BEFORE_CANDIDATE
61,36,97,62,1,4,0,28,6 10 12 18 22 28,SURVIVES,,REJECTED,INTERIOR_PRIME_BEFORE_CANDIDATE
61,40,101,62,1,4,0,31,6 10 12 18 22 28 36,SURVIVES,,REJECTED,INTERIOR_PRIME_BEFORE_CANDIDATE
61,42,103,62,1,4,0,32,6 10 12 18 22 28 36 40,SURVIVES,,REJECTED,INTERIOR_PRIME_BEFORE_CANDIDATE
61,46,107,62,1,4,0,35,6 10 12 18 22 28 36 40 42,SURVIVES,,REJECTED,INTERIOR_PRIME_BEFORE_CANDIDATE
61,48,109,62,1,4,0,36,6 10 12 18 22 28 36 40 42 46,SURVIVES,,REJECTED,INTERIOR_PRIME_BEFORE_CANDIDATE
61,52,113,62,1,4,0,39,6 10 12 18 22 28 36 40 42 46 48,SURVIVES,,REJECTED,INTERIOR_PRIME_BEFORE_CANDIDATE
61,58,119,62,1,4,0,44,6 10 12 18 22 28 36 40 42 46 48 52,SURVIVES,,REJECTED,CANDIDATE_COMPOSITE INTERIOR_PRIME_BEFORE_CANDIDATE
61,60,121,62,1,4,0,46,6 10 12 18 22 28 36 40 42 46 48 52,SURVIVES,,REJECTED,CANDIDATE_COMPOSITE INTERIOR_PRIME_BEFORE_CANDIDATE
67,4,71,69,2,4,0,1,,SURVIVES,,SURVIVES,
67,6,73,69,2,4,0,2,4,SURVIVES,,REJECTED,INTERIOR_PRIME_BEFORE_CANDIDATE
67,10,77,69,2,4,0,5,4 6,SURVIVES,,REJECTED,CANDIDATE_COMPOSITE INTERIOR_PRIME_BEFORE_CANDIDATE
67,12,79,69,2,4,0,7,4 6,SURVIVES,,REJECTED,INTERIOR_PRIME_BEFORE_CANDIDATE
67,16,83,69,2,4,0,10,4 6 12,SURVIVES,,REJECTED,INTERIOR_PRIME_BEFORE_CANDIDATE
67,22,89,69,2,4,0,15,4 6 12 16,SURVIVES,,REJECTED,INTERIOR_PRIME_BEFORE_CANDIDATE
67,24,91,69,2,4,0,16,4 6 12 16 22,SURVIVES,,REJECTED,CANDIDATE_COMPOSITE INTERIOR_PRIME_BEFORE_CANDIDATE
67,30,97,69,2,4,0,22,4 6 12 16 22,SURVIVES,,REJECTED,INTERIOR_PRIME_BEFORE_CANDIDATE
67,34,101,69,2,4,0,25,4 6 12 16 22 30,SURVIVES,,REJECTED,INTERIOR_PRIME_BEFORE_CANDIDATE
67,36,103,69,2,4,0,26,4 6 12 16 22 30 34,SURVIVES,,REJECTED,INTERIOR_PRIME_BEFORE_CANDIDATE
67,40,107,69,2,4,0,29,4 6 12 16 22 30 34 36,SURVIVES,,REJECTED,INTERIOR_PRIME_BEFORE_CANDIDATE
67,42,109,69,2,4,0,30,4 6 12 16 22 30 34 36 40,SURVIVES,,REJECTED,INTERIOR_PRIME_BEFORE_CANDIDATE
67,46,113,69,2,4,0,33,4 6 12 16 22 30 34 36 40 42,SURVIVES,,REJECTED,INTERIOR_PRIME_BEFORE_CANDIDATE
67,52,119,69,2,4,0,38,4 6 12 16 22 30 34 36 40 42 46,SURVIVES,,REJECTED,CANDIDATE_COMPOSITE INTERIOR_PRIME_BEFORE_CANDIDATE
67,54,121,69,2,4,0,40,4 6 12 16 22 30 34 36 40 42 46,SURVIVES,,REJECTED,CANDIDATE_COMPOSITE INTERIOR_PRIME_BEFORE_CANDIDATE
67,60,127,121,54,3,0,5,4 6 12 16 22 30 34 36 40 42 46,SURVIVES,,REJECTED,INTERIOR_PRIME_BEFORE_CANDIDATE
67,64,131,121,54,3,0,8,4 6 12 16 22 30 34 36 40 42 46 60,SURVIVES,,REJECTED,INTERIOR_PRIME_BEFORE_CANDIDATE
71,2,73,72,1,12,0,0,,SURVIVES,,SURVIVES,
71,6,77,74,3,4,0,2,2,SURVIVES,,REJECTED,CANDIDATE_COMPOSITE INTERIOR_PRIME_BEFORE_CANDIDATE
71,8,79,74,3,4,0,4,2,SURVIVES,,REJECTED,INTERIOR_PRIME_BEFORE_CANDIDATE
71,12,83,74,3,4,0,7,2 8,SURVIVES,,REJECTED,INTERIOR_PRIME_BEFORE_CANDIDATE
71,18,89,74,3,4,0,12,2 8 12,SURVIVES,,REJECTED,INTERIOR_PRIME_BEFORE_CANDIDATE
71,20,91,74,3,4,0,13,2 8 12 18,SURVIVES,,REJECTED,CANDIDATE_COMPOSITE INTERIOR_PRIME_BEFORE_CANDIDATE
71,26,97,74,3,4,0,19,2 8 12 18,SURVIVES,,REJECTED,INTERIOR_PRIME_BEFORE_CANDIDATE
71,30,101,74,3,4,0,22,2 8 12 18 26,SURVIVES,,REJECTED,INTERIOR_PRIME_BEFORE_CANDIDATE
71,32,103,74,3,4,0,23,2 8 12 18 26 30,SURVIVES,,REJECTED,INTERIOR_PRIME_BEFORE_CANDIDATE
71,36,107,74,3,4,0,26,2 8 12 18 26 30 32,SURVIVES,,REJECTED,INTERIOR_PRIME_BEFORE_CANDIDATE
71,38,109,74,3,4,0,27,2 8 12 18 26 30 32 36,SURVIVES,,REJECTED,INTERIOR_PRIME_BEFORE_CANDIDATE
71,42,113,74,3,4,0,30,2 8 12 18 26 30 32 36 38,SURVIVES,,REJECTED,INTERIOR_PRIME_BEFORE_CANDIDATE
71,48,119,74,3,4,0,35,2 8 12 18 26 30 32 36 38 42,SURVIVES,,REJECTED,CANDIDATE_COMPOSITE INTERIOR_PRIME_BEFORE_CANDIDATE
71,50,121,74,3,4,0,37,2 8 12 18 26 30 32 36 38 42,SURVIVES,,REJECTED,CANDIDATE_COMPOSITE INTERIOR_PRIME_BEFORE_CANDIDATE
71,56,127,121,50,3,0,5,2 8 12 18 26 30 32 36 38 42,SURVIVES,,REJECTED,INTERIOR_PRIME_BEFORE_CANDIDATE
71,60,131,121,50,3,0,8,2 8 12 18 26 30 32 36 38 42 56,SURVIVES,,REJECTED,INTERIOR_PRIME_BEFORE_CANDIDATE
71,62,133,121,50,3,0,9,2 8 12 18 26 30 32 36 38 42 56 60,SURVIVES,,REJECTED,CANDIDATE_COMPOSITE INTERIOR_PRIME_BEFORE_CANDIDATE
73,4,77,74,1,4,0,2,,SURVIVES,,REJECTED,CANDIDATE_COMPOSITE
73,6,79,74,1,4,0,4,,SURVIVES,,SURVIVES,
73,10,83,74,1,4,0,7,6,SURVIVES,,REJECTED,INTERIOR_PRIME_BEFORE_CANDIDATE
73,16,89,74,1,4,0,12,6 10,SURVIVES,,REJECTED,INTERIOR_PRIME_BEFORE_CANDIDATE
73,18,91,74,1,4,0,13,6 10 16,SURVIVES,,REJECTED,CANDIDATE_COMPOSITE INTERIOR_PRIME_BEFORE_CANDIDATE
73,24,97,74,1,4,0,19,6 10 16,SURVIVES,,REJECTED,INTERIOR_PRIME_BEFORE_CANDIDATE
73,28,101,74,1,4,0,22,6 10 16 24,SURVIVES,,REJECTED,INTERIOR_PRIME_BEFORE_CANDIDATE
73,30,103,74,1,4,0,23,6 10 16 24 28,SURVIVES,,REJECTED,INTERIOR_PRIME_BEFORE_CANDIDATE
73,34,107,74,1,4,0,26,6 10 16 24 28 30,SURVIVES,,REJECTED,INTERIOR_PRIME_BEFORE_CANDIDATE
73,36,109,74,1,4,0,27,6 10 16 24 28 30 34,SURVIVES,,REJECTED,INTERIOR_PRIME_BEFORE_CANDIDATE
73,40,113,74,1,4,0,30,6 10 16 24 28 30 34 36,SURVIVES,,REJECTED,INTERIOR_PRIME_BEFORE_CANDIDATE
73,46,119,74,1,4,0,35,6 10 16 24 28 30 34 36 40,SURVIVES,,REJECTED,CANDIDATE_COMPOSITE INTERIOR_PRIME_BEFORE_CANDIDATE
73,48,121,74,1,4,0,37,6 10 16 24 28 30 34 36 40,SURVIVES,,REJECTED,CANDIDATE_COMPOSITE INTERIOR_PRIME_BEFORE_CANDIDATE
73,54,127,121,48,3,0,5,6 10 16 24 28 30 34 36 40,SURVIVES,,REJECTED,INTERIOR_PRIME_BEFORE_CANDIDATE
73,58,131,121,48,3,0,8,6 10 16 24 28 30 34 36 40 54,SURVIVES,,REJECTED,INTERIOR_PRIME_BEFORE_CANDIDATE
73,60,133,121,48,3,0,9,6 10 16 24 28 30 34 36 40 54 58,SURVIVES,,REJECTED,CANDIDATE_COMPOSITE INTERIOR_PRIME_BEFORE_CANDIDATE
73,64,137,121,48,3,0,13,6 10 16 24 28 30 34 36 40 54 58,SURVIVES,,REJECTED,INTERIOR_PRIME_BEFORE_CANDIDATE
79,4,83,82,3,4,0,0,,SURVIVES,,SURVIVES,
79,10,89,82,3,4,0,5,4,SURVIVES,,REJECTED,INTERIOR_PRIME_BEFORE_CANDIDATE
79,12,91,82,3,4,0,6,4 10,SURVIVES,,REJECTED,CANDIDATE_COMPOSITE INTERIOR_PRIME_BEFORE_CANDIDATE
79,18,97,82,3,4,0,12,4 10,SURVIVES,,REJECTED,INTERIOR_PRIME_BEFORE_CANDIDATE
79,22,101,82,3,4,0,15,4 10 18,SURVIVES,,REJECTED,INTERIOR_PRIME_BEFORE_CANDIDATE
79,24,103,82,3,4,0,16,4 10 18 22,SURVIVES,,REJECTED,INTERIOR_PRIME_BEFORE_CANDIDATE
79,28,107,82,3,4,0,19,4 10 18 22 24,SURVIVES,,REJECTED,INTERIOR_PRIME_BEFORE_CANDIDATE
79,30,109,82,3,4,0,20,4 10 18 22 24 28,SURVIVES,,REJECTED,INTERIOR_PRIME_BEFORE_CANDIDATE
79,34,113,82,3,4,0,23,4 10 18 22 24 28 30,SURVIVES,,REJECTED,INTERIOR_PRIME_BEFORE_CANDIDATE
79,40,119,82,3,4,0,28,4 10 18 22 24 28 30 34,SURVIVES,,REJECTED,CANDIDATE_COMPOSITE INTERIOR_PRIME_BEFORE_CANDIDATE
79,42,121,82,3,4,0,30,4 10 18 22 24 28 30 34,SURVIVES,,REJECTED,CANDIDATE_COMPOSITE INTERIOR_PRIME_BEFORE_CANDIDATE
79,48,127,121,42,3,0,5,4 10 18 22 24 28 30 34,SURVIVES,,REJECTED,INTERIOR_PRIME_BEFORE_CANDIDATE
79,52,131,121,42,3,0,8,4 10 18 22 24 28 30 34 48,SURVIVES,,REJECTED,INTERIOR_PRIME_BEFORE_CANDIDATE
79,54,133,121,42,3,0,9,4 10 18 22 24 28 30 34 48 52,SURVIVES,,REJECTED,CANDIDATE_COMPOSITE INTERIOR_PRIME_BEFORE_CANDIDATE
79,58,137,121,42,3,0,13,4 10 18 22 24 28 30 34 48 52,SURVIVES,,REJECTED,INTERIOR_PRIME_BEFORE_CANDIDATE
79,60,139,121,42,3,0,14,4 10 18 22 24 28 30 34 48 52 58,SURVIVES,,REJECTED,INTERIOR_PRIME_BEFORE_CANDIDATE
79,64,143,121,42,3,0,17,4 10 18 22 24 28 30 34 48 52 58 60,SURVIVES,,REJECTED,CANDIDATE_COMPOSITE INTERIOR_PRIME_BEFORE_CANDIDATE
83,6,89,85,2,4,0,3,,SURVIVES,,SURVIVES,
83,8,91,85,2,4,0,4,6,SURVIVES,,REJECTED,CANDIDATE_COMPOSITE INTERIOR_PRIME_BEFORE_CANDIDATE
83,14,97,85,2,4,0,10,6,SURVIVES,,REJECTED,INTERIOR_PRIME_BEFORE_CANDIDATE
83,18,101,85,2,4,0,13,6 14,SURVIVES,,REJECTED,INTERIOR_PRIME_BEFORE_CANDIDATE
83,20,103,85,2,4,0,14,6 14 18,SURVIVES,,REJECTED,INTERIOR_PRIME_BEFORE_CANDIDATE
83,24,107,85,2,4,0,17,6 14 18 20,SURVIVES,,REJECTED,INTERIOR_PRIME_BEFORE_CANDIDATE
83,26,109,85,2,4,0,18,6 14 18 20 24,SURVIVES,,REJECTED,INTERIOR_PRIME_BEFORE_CANDIDATE
83,30,113,85,2,4,0,21,6 14 18 20 24 26,SURVIVES,,REJECTED,INTERIOR_PRIME_BEFORE_CANDIDATE
83,36,119,85,2,4,0,26,6 14 18 20 24 26 30,SURVIVES,,REJECTED,CANDIDATE_COMPOSITE INTERIOR_PRIME_BEFORE_CANDIDATE
83,38,121,85,2,4,0,28,6 14 18 20 24 26 30,SURVIVES,,REJECTED,CANDIDATE_COMPOSITE INTERIOR_PRIME_BEFORE_CANDIDATE
83,44,127,121,38,3,0,5,6 14 18 20 24 26 30,SURVIVES,,REJECTED,INTERIOR_PRIME_BEFORE_CANDIDATE
83,48,131,121,38,3,0,8,6 14 18 20 24 26 30 44,SURVIVES,,REJECTED,INTERIOR_PRIME_BEFORE_CANDIDATE
83,50,133,121,38,3,0,9,6 14 18 20 24 26 30 44 48,SURVIVES,,REJECTED,CANDIDATE_COMPOSITE INTERIOR_PRIME_BEFORE_CANDIDATE
83,54,137,121,38,3,0,13,6 14 18 20 24 26 30 44 48,SURVIVES,,REJECTED,INTERIOR_PRIME_BEFORE_CANDIDATE
83,56,139,121,38,3,0,14,6 14 18 20 24 26 30 44 48 54,SURVIVES,,REJECTED,INTERIOR_PRIME_BEFORE_CANDIDATE
83,60,143,121,38,3,0,17,6 14 18 20 24 26 30 44 48 54 56,SURVIVES,,REJECTED,CANDIDATE_COMPOSITE INTERIOR_PRIME_BEFORE_CANDIDATE
89,2,91,90,1,12,0,0,,SURVIVES,,REJECTED,CANDIDATE_COMPOSITE
89,8,97,91,2,4,0,5,,SURVIVES,,SURVIVES,
89,12,101,91,2,4,0,8,8,SURVIVES,,REJECTED,INTERIOR_PRIME_BEFORE_CANDIDATE
89,14,103,91,2,4,0,9,8 12,SURVIVES,,REJECTED,INTERIOR_PRIME_BEFORE_CANDIDATE
89,18,107,91,2,4,0,12,8 12 14,SURVIVES,,REJECTED,INTERIOR_PRIME_BEFORE_CANDIDATE
89,20,109,91,2,4,0,13,8 12 14 18,SURVIVES,,REJECTED,INTERIOR_PRIME_BEFORE_CANDIDATE
89,24,113,91,2,4,0,16,8 12 14 18 20,SURVIVES,,REJECTED,INTERIOR_PRIME_BEFORE_CANDIDATE
89,30,119,91,2,4,0,21,8 12 14 18 20 24,SURVIVES,,REJECTED,CANDIDATE_COMPOSITE INTERIOR_PRIME_BEFORE_CANDIDATE
89,32,121,91,2,4,0,23,8 12 14 18 20 24,SURVIVES,,REJECTED,CANDIDATE_COMPOSITE INTERIOR_PRIME_BEFORE_CANDIDATE
89,38,127,121,32,3,0,5,8 12 14 18 20 24,SURVIVES,,REJECTED,INTERIOR_PRIME_BEFORE_CANDIDATE
89,42,131,121,32,3,0,8,8 12 14 18 20 24 38,SURVIVES,,REJECTED,INTERIOR_PRIME_BEFORE_CANDIDATE
89,44,133,121,32,3,0,9,8 12 14 18 20 24 38 42,SURVIVES,,REJECTED,CANDIDATE_COMPOSITE INTERIOR_PRIME_BEFORE_CANDIDATE
89,48,137,121,32,3,0,13,8 12 14 18 20 24 38 42,SURVIVES,,REJECTED,INTERIOR_PRIME_BEFORE_CANDIDATE
89,50,139,121,32,3,0,14,8 12 14 18 20 24 38 42 48,SURVIVES,,REJECTED,INTERIOR_PRIME_BEFORE_CANDIDATE
89,54,143,121,32,3,0,17,8 12 14 18 20 24 38 42 48 50,SURVIVES,,REJECTED,CANDIDATE_COMPOSITE INTERIOR_PRIME_BEFORE_CANDIDATE
89,60,149,121,32,3,0,23,8 12 14 18 20 24 38 42 48 50,SURVIVES,,REJECTED,INTERIOR_PRIME_BEFORE_CANDIDATE
89,62,151,121,32,3,0,24,8 12 14 18 20 24 38 42 48 50 60,SURVIVES,,REJECTED,INTERIOR_PRIME_BEFORE_CANDIDATE
97,4,101,98,1,6,0,2,,SURVIVES,,SURVIVES,
97,6,103,98,1,6,0,3,4,SURVIVES,,REJECTED,INTERIOR_PRIME_BEFORE_CANDIDATE
97,10,107,106,9,4,0,0,4 6,SURVIVES,,REJECTED,INTERIOR_PRIME_BEFORE_CANDIDATE
97,12,109,106,9,4,0,1,4 6 10,SURVIVES,,REJECTED,INTERIOR_PRIME_BEFORE_CANDIDATE
97,16,113,106,9,4,0,4,4 6 10 12,SURVIVES,,REJECTED,INTERIOR_PRIME_BEFORE_CANDIDATE
97,22,119,106,9,4,0,9,4 6 10 12 16,SURVIVES,,REJECTED,CANDIDATE_COMPOSITE INTERIOR_PRIME_BEFORE_CANDIDATE
97,24,121,106,9,4,0,11,4 6 10 12 16,SURVIVES,,REJECTED,CANDIDATE_COMPOSITE INTERIOR_PRIME_BEFORE_CANDIDATE
97,30,127,121,24,3,0,5,4 6 10 12 16,SURVIVES,,REJECTED,INTERIOR_PRIME_BEFORE_CANDIDATE
97,34,131,121,24,3,0,8,4 6 10 12 16 30,SURVIVES,,REJECTED,INTERIOR_PRIME_BEFORE_CANDIDATE
97,36,133,121,24,3,0,9,4 6 10 12 16 30 34,SURVIVES,,REJECTED,CANDIDATE_COMPOSITE INTERIOR_PRIME_BEFORE_CANDIDATE
97,40,137,121,24,3,0,13,4 6 10 12 16 30 34,SURVIVES,,REJECTED,INTERIOR_PRIME_BEFORE_CANDIDATE
97,42,139,121,24,3,0,14,4 6 10 12 16 30 34 40,SURVIVES,,REJECTED,INTERIOR_PRIME_BEFORE_CANDIDATE
97,46,143,121,24,3,0,17,4 6 10 12 16 30 34 40 42,SURVIVES,,REJECTED,CANDIDATE_COMPOSITE INTERIOR_PRIME_BEFORE_CANDIDATE
97,52,149,121,24,3,0,23,4 6 10 12 16 30 34 40 42,SURVIVES,,REJECTED,INTERIOR_PRIME_BEFORE_CANDIDATE
97,54,151,121,24,3,0,24,4 6 10 12 16 30 34 40 42 52,SURVIVES,,REJECTED,INTERIOR_PRIME_BEFORE_CANDIDATE
97,60,157,121,24,3,0,29,4 6 10 12 16 30 34 40 42 52 54,SURVIVES,,REJECTED,INTERIOR_PRIME_BEFORE_CANDIDATE
97,64,161,121,24,3,0,32,4 6 10 12 16 30 34 40 42 52 54 60,SURVIVES,,REJECTED,CANDIDATE_COMPOSITE INTERIOR_PRIME_BEFORE_CANDIDATE
101,2,103,102,1,8,0,0,,SURVIVES,,SURVIVES,
101,6,107,106,5,4,0,0,2,SURVIVES,,REJECTED,INTERIOR_PRIME_BEFORE_CANDIDATE
101,8,109,106,5,4,0,1,2 6,SURVIVES,,REJECTED,INTERIOR_PRIME_BEFORE_CANDIDATE
101,12,113,106,5,4,0,4,2 6 8,SURVIVES,,REJECTED,INTERIOR_PRIME_BEFORE_CANDIDATE
101,18,119,106,5,4,0,9,2 6 8 12,SURVIVES,,REJECTED,CANDIDATE_COMPOSITE INTERIOR_PRIME_BEFORE_CANDIDATE
101,20,121,106,5,4,0,11,2 6 8 12,SURVIVES,,REJECTED,CANDIDATE_COMPOSITE INTERIOR_PRIME_BEFORE_CANDIDATE
101,26,127,121,20,3,0,5,2 6 8 12,SURVIVES,,REJECTED,INTERIOR_PRIME_BEFORE_CANDIDATE
101,30,131,121,20,3,0,8,2 6 8 12 26,SURVIVES,,REJECTED,INTERIOR_PRIME_BEFORE_CANDIDATE
101,32,133,121,20,3,0,9,2 6 8 12 26 30,SURVIVES,,REJECTED,CANDIDATE_COMPOSITE INTERIOR_PRIME_BEFORE_CANDIDATE
101,36,137,121,20,3,0,13,2 6 8 12 26 30,SURVIVES,,REJECTED,INTERIOR_PRIME_BEFORE_CANDIDATE
101,38,139,121,20,3,0,14,2 6 8 12 26 30 36,SURVIVES,,REJECTED,INTERIOR_PRIME_BEFORE_CANDIDATE
101,42,143,121,20,3,0,17,2 6 8 12 26 30 36 38,SURVIVES,,REJECTED,CANDIDATE_COMPOSITE INTERIOR_PRIME_BEFORE_CANDIDATE
101,48,149,121,20,3,0,23,2 6 8 12 26 30 36 38,SURVIVES,,REJECTED,INTERIOR_PRIME_BEFORE_CANDIDATE
101,50,151,121,20,3,0,24,2 6 8 12 26 30 36 38 48,SURVIVES,,REJECTED,INTERIOR_PRIME_BEFORE_CANDIDATE
101,56,157,121,20,3,0,29,2 6 8 12 26 30 36 38 48 50,SURVIVES,,REJECTED,INTERIOR_PRIME_BEFORE_CANDIDATE
101,60,161,121,20,3,0,32,2 6 8 12 26 30 36 38 48 50 56,SURVIVES,,REJECTED,CANDIDATE_COMPOSITE INTERIOR_PRIME_BEFORE_CANDIDATE
101,62,163,121,20,3,0,34,2 6 8 12 26 30 36 38 48 50 56,SURVIVES,,REJECTED,INTERIOR_PRIME_BEFORE_CANDIDATE
103,4,107,106,3,4,0,0,,SURVIVES,,SURVIVES,
103,6,109,106,3,4,0,1,4,SURVIVES,,REJECTED,INTERIOR_PRIME_BEFORE_CANDIDATE
103,10,113,106,3,4,0,4,4 6,SURVIVES,,REJECTED,INTERIOR_PRIME_BEFORE_CANDIDATE
103,16,119,106,3,4,0,9,4 6 10,SURVIVES,,REJECTED,CANDIDATE_COMPOSITE INTERIOR_PRIME_BEFORE_CANDIDATE
103,18,121,106,3,4,0,11,4 6 10,SURVIVES,,REJECTED,CANDIDATE_COMPOSITE INTERIOR_PRIME_BEFORE_CANDIDATE
103,24,127,121,18,3,0,5,4 6 10,SURVIVES,,REJECTED,INTERIOR_PRIME_BEFORE_CANDIDATE
103,28,131,121,18,3,0,8,4 6 10 24,SURVIVES,,REJECTED,INTERIOR_PRIME_BEFORE_CANDIDATE
103,30,133,121,18,3,0,9,4 6 10 24 28,SURVIVES,,REJECTED,CANDIDATE_COMPOSITE INTERIOR_PRIME_BEFORE_CANDIDATE
103,34,137,121,18,3,0,13,4 6 10 24 28,SURVIVES,,REJECTED,INTERIOR_PRIME_BEFORE_CANDIDATE
103,36,139,121,18,3,0,14,4 6 10 24 28 34,SURVIVES,,REJECTED,INTERIOR_PRIME_BEFORE_CANDIDATE
103,40,143,121,18,3,0,17,4 6 10 24 28 34 36,SURVIVES,,REJECTED,CANDIDATE_COMPOSITE INTERIOR_PRIME_BEFORE_CANDIDATE
103,46,149,121,18,3,0,23,4 6 10 24 28 34 36,SURVIVES,,REJECTED,INTERIOR_PRIME_BEFORE_CANDIDATE
103,48,151,121,18,3,0,24,4 6 10 24 28 34 36 46,SURVIVES,,REJECTED,INTERIOR_PRIME_BEFORE_CANDIDATE
103,54,157,121,18,3,0,29,4 6 10 24 28 34 36 46 48,SURVIVES,,REJECTED,INTERIOR_PRIME_BEFORE_CANDIDATE
103,58,161,121,18,3,0,32,4 6 10 24 28 34 36 46 48 54,SURVIVES,,REJECTED,CANDIDATE_COMPOSITE INTERIOR_PRIME_BEFORE_CANDIDATE
103,60,163,121,18,3,0,34,4 6 10 24 28 34 36 46 48 54,SURVIVES,,REJECTED,INTERIOR_PRIME_BEFORE_CANDIDATE
103,64,167,121,18,3,0,37,4 6 10 24 28 34 36 46 48 54 60,SURVIVES,,REJECTED,INTERIOR_PRIME_BEFORE_CANDIDATE
107,2,109,108,1,12,0,0,,SURVIVES,,SURVIVES,
107,6,113,111,4,4,0,1,2,SURVIVES,,REJECTED,INTERIOR_PRIME_BEFORE_CANDIDATE
107,12,119,111,4,4,0,6,2 6,SURVIVES,,REJECTED,CANDIDATE_COMPOSITE INTERIOR_PRIME_BEFORE_CANDIDATE
107,14,121,111,4,4,0,8,2 6,SURVIVES,,REJECTED,CANDIDATE_COMPOSITE INTERIOR_PRIME_BEFORE_CANDIDATE
107,20,127,121,14,3,0,5,2 6,SURVIVES,,REJECTED,INTERIOR_PRIME_BEFORE_CANDIDATE
107,24,131,121,14,3,0,8,2 6 20,SURVIVES,,REJECTED,INTERIOR_PRIME_BEFORE_CANDIDATE
107,26,133,121,14,3,0,9,2 6 20 24,SURVIVES,,REJECTED,CANDIDATE_COMPOSITE INTERIOR_PRIME_BEFORE_CANDIDATE
107,30,137,121,14,3,0,13,2 6 20 24,SURVIVES,,REJECTED,INTERIOR_PRIME_BEFORE_CANDIDATE
107,32,139,121,14,3,0,14,2 6 20 24 30,SURVIVES,,REJECTED,INTERIOR_PRIME_BEFORE_CANDIDATE
107,36,143,121,14,3,0,17,2 6 20 24 30 32,SURVIVES,,REJECTED,CANDIDATE_COMPOSITE INTERIOR_PRIME_BEFORE_CANDIDATE
107,42,149,121,14,3,0,23,2 6 20 24 30 32,SURVIVES,,REJECTED,INTERIOR_PRIME_BEFORE_CANDIDATE
107,44,151,121,14,3,0,24,2 6 20 24 30 32 42,SURVIVES,,REJECTED,INTERIOR_PRIME_BEFORE_CANDIDATE
107,50,157,121,14,3,0,29,2 6 20 24 30 32 42 44,SURVIVES,,REJECTED,INTERIOR_PRIME_BEFORE_CANDIDATE
107,54,161,121,14,3,0,32,2 6 20 24 30 32 42 44 50,SURVIVES,,REJECTED,CANDIDATE_COMPOSITE INTERIOR_PRIME_BEFORE_CANDIDATE
107,56,163,121,14,3,0,34,2 6 20 24 30 32 42 44 50,SURVIVES,,REJECTED,INTERIOR_PRIME_BEFORE_CANDIDATE
107,60,167,121,14,3,0,37,2 6 20 24 30 32 42 44 50 56,SURVIVES,,REJECTED,INTERIOR_PRIME_BEFORE_CANDIDATE
107,62,169,121,14,3,0,38,2 6 20 24 30 32 42 44 50 56 60,SURVIVES,,REJECTED,CANDIDATE_COMPOSITE INTERIOR_PRIME_BEFORE_CANDIDATE
109,4,113,111,2,4,0,1,,SURVIVES,,SURVIVES,
109,10,119,111,2,4,0,6,4,SURVIVES,,REJECTED,CANDIDATE_COMPOSITE INTERIOR_PRIME_BEFORE_CANDIDATE
109,12,121,111,2,4,0,8,4,SURVIVES,,REJECTED,CANDIDATE_COMPOSITE INTERIOR_PRIME_BEFORE_CANDIDATE
109,18,127,121,12,3,0,5,4,SURVIVES,,REJECTED,INTERIOR_PRIME_BEFORE_CANDIDATE
109,22,131,121,12,3,0,8,4 18,SURVIVES,,REJECTED,INTERIOR_PRIME_BEFORE_CANDIDATE
109,24,133,121,12,3,0,9,4 18 22,SURVIVES,,REJECTED,CANDIDATE_COMPOSITE INTERIOR_PRIME_BEFORE_CANDIDATE
109,28,137,121,12,3,0,13,4 18 22,SURVIVES,,REJECTED,INTERIOR_PRIME_BEFORE_CANDIDATE
109,30,139,121,12,3,0,14,4 18 22 28,SURVIVES,,REJECTED,INTERIOR_PRIME_BEFORE_CANDIDATE
109,34,143,121,12,3,0,17,4 18 22 28 30,SURVIVES,,REJECTED,CANDIDATE_COMPOSITE INTERIOR_PRIME_BEFORE_CANDIDATE
109,40,149,121,12,3,0,23,4 18 22 28 30,SURVIVES,,REJECTED,INTERIOR_PRIME_BEFORE_CANDIDATE
109,42,151,121,12,3,0,24,4 18 22 28 30 40,SURVIVES,,REJECTED,INTERIOR_PRIME_BEFORE_CANDIDATE
109,48,157,121,12,3,0,29,4 18 22 28 30 40 42,SURVIVES,,REJECTED,INTERIOR_PRIME_BEFORE_CANDIDATE
109,52,161,121,12,3,0,32,4 18 22 28 30 40 42 48,SURVIVES,,REJECTED,CANDIDATE_COMPOSITE INTERIOR_PRIME_BEFORE_CANDIDATE
109,54,163,121,12,3,0,34,4 18 22 28 30 40 42 48,SURVIVES,,REJECTED,INTERIOR_PRIME_BEFORE_CANDIDATE
109,58,167,121,12,3,0,37,4 18 22 28 30 40 42 48 54,SURVIVES,,REJECTED,INTERIOR_PRIME_BEFORE_CANDIDATE
109,60,169,121,12,3,0,38,4 18 22 28 30 40 42 48 54 58,SURVIVES,,REJECTED,CANDIDATE_COMPOSITE INTERIOR_PRIME_BEFORE_CANDIDATE
109,64,173,121,12,3,0,42,4 18 22 28 30 40 42 48 54 58,SURVIVES,,REJECTED,INTERIOR_PRIME_BEFORE_CANDIDATE
113,6,119,115,2,4,0,3,,SURVIVES,,REJECTED,CANDIDATE_COMPOSITE
113,8,121,115,2,4,0,5,,SURVIVES,,REJECTED,CANDIDATE_COMPOSITE
113,14,127,121,8,3,0,5,,SURVIVES,,SURVIVES,
113,18,131,121,8,3,0,8,14,SURVIVES,,REJECTED,INTERIOR_PRIME_BEFORE_CANDIDATE
113,20,133,121,8,3,0,9,14 18,SURVIVES,,REJECTED,CANDIDATE_COMPOSITE INTERIOR_PRIME_BEFORE_CANDIDATE
113,24,137,121,8,3,0,13,14 18,SURVIVES,,REJECTED,INTERIOR_PRIME_BEFORE_CANDIDATE
113,26,139,121,8,3,0,14,14 18 24,SURVIVES,,REJECTED,INTERIOR_PRIME_BEFORE_CANDIDATE
113,30,143,121,8,3,0,17,14 18 24 26,SURVIVES,,REJECTED,CANDIDATE_COMPOSITE INTERIOR_PRIME_BEFORE_CANDIDATE
113,36,149,121,8,3,0,23,14 18 24 26,SURVIVES,,REJECTED,INTERIOR_PRIME_BEFORE_CANDIDATE
113,38,151,121,8,3,0,24,14 18 24 26 36,SURVIVES,,REJECTED,INTERIOR_PRIME_BEFORE_CANDIDATE
113,44,157,121,8,3,0,29,14 18 24 26 36 38,SURVIVES,,REJECTED,INTERIOR_PRIME_BEFORE_CANDIDATE
113,48,161,121,8,3,0,32,14 18 24 26 36 38 44,SURVIVES,,REJECTED,CANDIDATE_COMPOSITE INTERIOR_PRIME_BEFORE_CANDIDATE
113,50,163,121,8,3,0,34,14 18 24 26 36 38 44,SURVIVES,,REJECTED,INTERIOR_PRIME_BEFORE_CANDIDATE
113,54,167,121,8,3,0,37,14 18 24 26 36 38 44 50,SURVIVES,,REJECTED,INTERIOR_PRIME_BEFORE_CANDIDATE
113,56,169,121,8,3,0,38,14 18 24 26 36 38 44 50 54,SURVIVES,,REJECTED,CANDIDATE_COMPOSITE INTERIOR_PRIME_BEFORE_CANDIDATE
113,60,173,121,8,3,0,42,14 18 24 26 36 38 44 50 54,SURVIVES,,REJECTED,INTERIOR_PRIME_BEFORE_CANDIDATE
127,4,131,129,2,4,0,1,,SURVIVES,,SURVIVES,
127,6,133,129,2,4,0,2,4,SURVIVES,,REJECTED,CANDIDATE_COMPOSITE INTERIOR_PRIME_BEFORE_CANDIDATE
127,10,137,129,2,4,0,6,4,SURVIVES,,REJECTED,INTERIOR_PRIME_BEFORE_CANDIDATE
127,12,139,129,2,4,0,7,4 10,SURVIVES,,REJECTED,INTERIOR_PRIME_BEFORE_CANDIDATE
127,16,143,129,2,4,0,10,4 10 12,SURVIVES,,REJECTED,CANDIDATE_COMPOSITE INTERIOR_PRIME_BEFORE_CANDIDATE
127,22,149,129,2,4,0,16,4 10 12,SURVIVES,,REJECTED,INTERIOR_PRIME_BEFORE_CANDIDATE
127,24,151,129,2,4,0,17,4 10 12 22,SURVIVES,,REJECTED,INTERIOR_PRIME_BEFORE_CANDIDATE
127,30,157,129,2,4,0,22,4 10 12 22 24,SURVIVES,,REJECTED,INTERIOR_PRIME_BEFORE_CANDIDATE
127,34,161,129,2,4,0,25,4 10 12 22 24 30,SURVIVES,,REJECTED,CANDIDATE_COMPOSITE INTERIOR_PRIME_BEFORE_CANDIDATE
127,36,163,129,2,4,0,27,4 10 12 22 24 30,SURVIVES,,REJECTED,INTERIOR_PRIME_BEFORE_CANDIDATE
127,40,167,129,2,4,0,30,4 10 12 22 24 30 36,SURVIVES,,REJECTED,INTERIOR_PRIME_BEFORE_CANDIDATE
127,42,169,129,2,4,0,31,4 10 12 22 24 30 36 40,SURVIVES,,REJECTED,CANDIDATE_COMPOSITE INTERIOR_PRIME_BEFORE_CANDIDATE
127,46,173,169,42,3,0,3,4 10 12 22 24 30 36 40,SURVIVES,,REJECTED,INTERIOR_PRIME_BEFORE_CANDIDATE
127,52,179,169,42,3,0,8,4 10 12 22 24 30 36 40 46,SURVIVES,,REJECTED,INTERIOR_PRIME_BEFORE_CANDIDATE
127,54,181,169,42,3,0,9,4 10 12 22 24 30 36 40 46 52,SURVIVES,,REJECTED,INTERIOR_PRIME_BEFORE_CANDIDATE
127,60,187,169,42,3,0,14,4 10 12 22 24 30 36 40 46 52 54,SURVIVES,,REJECTED,CANDIDATE_COMPOSITE INTERIOR_PRIME_BEFORE_CANDIDATE
127,64,191,169,42,3,0,18,4 10 12 22 24 30 36 40 46 52 54,SURVIVES,,REJECTED,INTERIOR_PRIME_BEFORE_CANDIDATE
131,2,133,132,1,12,0,0,,SURVIVES,,REJECTED,CANDIDATE_COMPOSITE
131,6,137,133,2,4,0,3,,SURVIVES,,SURVIVES,
131,8,139,133,2,4,0,4,6,SURVIVES,,REJECTED,INTERIOR_PRIME_BEFORE_CANDIDATE
131,12,143,133,2,4,0,7,6 8,SURVIVES,,REJECTED,CANDIDATE_COMPOSITE INTERIOR_PRIME_BEFORE_CANDIDATE
131,18,149,133,2,4,0,13,6 8,SURVIVES,,REJECTED,INTERIOR_PRIME_BEFORE_CANDIDATE
131,20,151,133,2,4,0,14,6 8 18,SURVIVES,,REJECTED,INTERIOR_PRIME_BEFORE_CANDIDATE
131,26,157,133,2,4,0,19,6 8 18 20,SURVIVES,,REJECTED,INTERIOR_PRIME_BEFORE_CANDIDATE
131,30,161,133,2,4,0,22,6 8 18 20 26,SURVIVES,,REJECTED,CANDIDATE_COMPOSITE INTERIOR_PRIME_BEFORE_CANDIDATE
131,32,163,133,2,4,0,24,6 8 18 20 26,SURVIVES,,REJECTED,INTERIOR_PRIME_BEFORE_CANDIDATE
131,36,167,133,2,4,0,27,6 8 18 20 26 32,SURVIVES,,REJECTED,INTERIOR_PRIME_BEFORE_CANDIDATE
131,38,169,133,2,4,0,28,6 8 18 20 26 32 36,SURVIVES,,REJECTED,CANDIDATE_COMPOSITE INTERIOR_PRIME_BEFORE_CANDIDATE
131,42,173,169,38,3,0,3,6 8 18 20 26 32 36,SURVIVES,,REJECTED,INTERIOR_PRIME_BEFORE_CANDIDATE
131,48,179,169,38,3,0,8,6 8 18 20 26 32 36 42,SURVIVES,,REJECTED,INTERIOR_PRIME_BEFORE_CANDIDATE
131,50,181,169,38,3,0,9,6 8 18 20 26 32 36 42 48,SURVIVES,,REJECTED,INTERIOR_PRIME_BEFORE_CANDIDATE
131,56,187,169,38,3,0,14,6 8 18 20 26 32 36 42 48 50,SURVIVES,,REJECTED,CANDIDATE_COMPOSITE INTERIOR_PRIME_BEFORE_CANDIDATE
131,60,191,169,38,3,0,18,6 8 18 20 26 32 36 42 48 50,SURVIVES,,REJECTED,INTERIOR_PRIME_BEFORE_CANDIDATE
131,62,193,169,38,3,0,19,6 8 18 20 26 32 36 42 48 50 60,SURVIVES,,REJECTED,INTERIOR_PRIME_BEFORE_CANDIDATE
137,2,139,138,1,8,0,0,,SURVIVES,,SURVIVES,
137,6,143,141,4,4,0,1,2,SURVIVES,,REJECTED,CANDIDATE_COMPOSITE INTERIOR_PRIME_BEFORE_CANDIDATE
137,12,149,141,4,4,0,7,2,SURVIVES,,REJECTED,INTERIOR_PRIME_BEFORE_CANDIDATE
137,14,151,141,4,4,0,8,2 12,SURVIVES,,REJECTED,INTERIOR_PRIME_BEFORE_CANDIDATE
137,20,157,141,4,4,0,13,2 12 14,SURVIVES,,REJECTED,INTERIOR_PRIME_BEFORE_CANDIDATE
137,24,161,141,4,4,0,16,2 12 14 20,SURVIVES,,REJECTED,CANDIDATE_COMPOSITE INTERIOR_PRIME_BEFORE_CANDIDATE
137,26,163,141,4,4,0,18,2 12 14 20,SURVIVES,,REJECTED,INTERIOR_PRIME_BEFORE_CANDIDATE
137,30,167,141,4,4,0,21,2 12 14 20 26,SURVIVES,,REJECTED,INTERIOR_PRIME_BEFORE_CANDIDATE
137,32,169,141,4,4,0,22,2 12 14 20 26 30,SURVIVES,,REJECTED,CANDIDATE_COMPOSITE INTERIOR_PRIME_BEFORE_CANDIDATE
137,36,173,169,32,3,0,3,2 12 14 20 26 30,SURVIVES,,REJECTED,INTERIOR_PRIME_BEFORE_CANDIDATE
137,42,179,169,32,3,0,8,2 12 14 20 26 30 36,SURVIVES,,REJECTED,INTERIOR_PRIME_BEFORE_CANDIDATE
137,44,181,169,32,3,0,9,2 12 14 20 26 30 36 42,SURVIVES,,REJECTED,INTERIOR_PRIME_BEFORE_CANDIDATE
137,50,187,169,32,3,0,14,2 12 14 20 26 30 36 42 44,SURVIVES,,REJECTED,CANDIDATE_COMPOSITE INTERIOR_PRIME_BEFORE_CANDIDATE
137,54,191,169,32,3,0,18,2 12 14 20 26 30 36 42 44,SURVIVES,,REJECTED,INTERIOR_PRIME_BEFORE_CANDIDATE
137,56,193,169,32,3,0,19,2 12 14 20 26 30 36 42 44 54,SURVIVES,,REJECTED,INTERIOR_PRIME_BEFORE_CANDIDATE
137,60,197,169,32,3,0,22,2 12 14 20 26 30 36 42 44 54 56,SURVIVES,,REJECTED,INTERIOR_PRIME_BEFORE_CANDIDATE
137,62,199,169,32,3,0,23,2 12 14 20 26 30 36 42 44 54 56 60,SURVIVES,,REJECTED,INTERIOR_PRIME_BEFORE_CANDIDATE
139,4,143,141,2,4,0,1,,SURVIVES,,REJECTED,CANDIDATE_COMPOSITE
139,10,149,141,2,4,0,7,,SURVIVES,,SURVIVES,
139,12,151,141,2,4,0,8,10,SURVIVES,,REJECTED,INTERIOR_PRIME_BEFORE_CANDIDATE
139,18,157,141,2,4,0,13,10 12,SURVIVES,,REJECTED,INTERIOR_PRIME_BEFORE_CANDIDATE
139,22,161,141,2,4,0,16,10 12 18,SURVIVES,,REJECTED,CANDIDATE_COMPOSITE INTERIOR_PRIME_BEFORE_CANDIDATE
139,24,163,141,2,4,0,18,10 12 18,SURVIVES,,REJECTED,INTERIOR_PRIME_BEFORE_CANDIDATE
139,28,167,141,2,4,0,21,10 12 18 24,SURVIVES,,REJECTED,INTERIOR_PRIME_BEFORE_CANDIDATE
139,30,169,141,2,4,0,22,10 12 18 24 28,SURVIVES,,REJECTED,CANDIDATE_COMPOSITE INTERIOR_PRIME_BEFORE_CANDIDATE
139,34,173,169,30,3,0,3,10 12 18 24 28,SURVIVES,,REJECTED,INTERIOR_PRIME_BEFORE_CANDIDATE
139,40,179,169,30,3,0,8,10 12 18 24 28 34,SURVIVES,,REJECTED,INTERIOR_PRIME_BEFORE_CANDIDATE
139,42,181,169,30,3,0,9,10 12 18 24 28 34 40,SURVIVES,,REJECTED,INTERIOR_PRIME_BEFORE_CANDIDATE
139,48,187,169,30,3,0,14,10 12 18 24 28 34 40 42,SURVIVES,,REJECTED,CANDIDATE_COMPOSITE INTERIOR_PRIME_BEFORE_CANDIDATE
139,52,191,169,30,3,0,18,10 12 18 24 28 34 40 42,SURVIVES,,REJECTED,INTERIOR_PRIME_BEFORE_CANDIDATE
139,54,193,169,30,3,0,19,10 12 18 24 28 34 40 42 52,SURVIVES,,REJECTED,INTERIOR_PRIME_BEFORE_CANDIDATE
139,58,197,169,30,3,0,22,10 12 18 24 28 34 40 42 52 54,SURVIVES,,REJECTED,INTERIOR_PRIME_BEFORE_CANDIDATE
139,60,199,169,30,3,0,23,10 12 18 24 28 34 40 42 52 54 58,SURVIVES,,REJECTED,INTERIOR_PRIME_BEFORE_CANDIDATE
139,64,203,169,30,3,0,26,10 12 18 24 28 34 40 42 52 54 58 60,SURVIVES,,REJECTED,CANDIDATE_COMPOSITE INTERIOR_PRIME_BEFORE_CANDIDATE
149,2,151,150,1,12,0,0,,SURVIVES,,SURVIVES,
149,8,157,155,6,4,0,1,2,SURVIVES,,REJECTED,INTERIOR_PRIME_BEFORE_CANDIDATE
149,12,161,155,6,4,0,4,2 8,SURVIVES,,REJECTED,CANDIDATE_COMPOSITE INTERIOR_PRIME_BEFORE_CANDIDATE
149,14,163,155,6,4,0,6,2 8,SURVIVES,,REJECTED,INTERIOR_PRIME_BEFORE_CANDIDATE
149,18,167,155,6,4,0,9,2 8 14,SURVIVES,,REJECTED,INTERIOR_PRIME_BEFORE_CANDIDATE
149,20,169,155,6,4,0,10,2 8 14 18,SURVIVES,,REJECTED,CANDIDATE_COMPOSITE INTERIOR_PRIME_BEFORE_CANDIDATE
149,24,173,169,20,3,0,3,2 8 14 18,SURVIVES,,REJECTED,INTERIOR_PRIME_BEFORE_CANDIDATE
149,30,179,169,20,3,0,8,2 8 14 18 24,SURVIVES,,REJECTED,INTERIOR_PRIME_BEFORE_CANDIDATE
149,32,181,169,20,3,0,9,2 8 14 18 24 30,SURVIVES,,REJECTED,INTERIOR_PRIME_BEFORE_CANDIDATE
149,38,187,169,20,3,0,14,2 8 14 18 24 30 32,SURVIVES,,REJECTED,CANDIDATE_COMPOSITE INTERIOR_PRIME_BEFORE_CANDIDATE
149,42,191,169,20,3,0,18,2 8 14 18 24 30 32,SURVIVES,,REJECTED,INTERIOR_PRIME_BEFORE_CANDIDATE
149,44,193,169,20,3,0,19,2 8 14 18 24 30 32 42,SURVIVES,,REJECTED,INTERIOR_PRIME_BEFORE_CANDIDATE
149,48,197,169,20,3,0,22,2 8 14 18 24 30 32 42 44,SURVIVES,,REJECTED,INTERIOR_PRIME_BEFORE_CANDIDATE
149,50,199,169,20,3,0,23,2 8 14 18 24 30 32 42 44 48,SURVIVES,,REJECTED,INTERIOR_PRIME_BEFORE_CANDIDATE
149,54,203,169,20,3,0,26,2 8 14 18 24 30 32 42 44 48 50,SURVIVES,,REJECTED,CANDIDATE_COMPOSITE INTERIOR_PRIME_BEFORE_CANDIDATE
149,60,209,169,20,3,0,32,2 8 14 18 24 30 32 42 44 48 50,SURVIVES,,REJECTED,CANDIDATE_COMPOSITE INTERIOR_PRIME_BEFORE_CANDIDATE
149,62,211,169,20,3,0,34,2 8 14 18 24 30 32 42 44 48 50,SURVIVES,,REJECTED,INTERIOR_PRIME_BEFORE_CANDIDATE
151,6,157,155,4,4,0,1,,SURVIVES,,SURVIVES,
151,10,161,155,4,4,0,4,6,SURVIVES,,REJECTED,CANDIDATE_COMPOSITE INTERIOR_PRIME_BEFORE_CANDIDATE
151,12,163,155,4,4,0,6,6,SURVIVES,,REJECTED,INTERIOR_PRIME_BEFORE_CANDIDATE
151,16,167,155,4,4,0,9,6 12,SURVIVES,,REJECTED,INTERIOR_PRIME_BEFORE_CANDIDATE
151,18,169,155,4,4,0,10,6 12 16,SURVIVES,,REJECTED,CANDIDATE_COMPOSITE INTERIOR_PRIME_BEFORE_CANDIDATE
151,22,173,169,18,3,0,3,6 12 16,SURVIVES,,REJECTED,INTERIOR_PRIME_BEFORE_CANDIDATE
151,28,179,169,18,3,0,8,6 12 16 22,SURVIVES,,REJECTED,INTERIOR_PRIME_BEFORE_CANDIDATE
151,30,181,169,18,3,0,9,6 12 16 22 28,SURVIVES,,REJECTED,INTERIOR_PRIME_BEFORE_CANDIDATE
151,36,187,169,18,3,0,14,6 12 16 22 28 30,SURVIVES,,REJECTED,CANDIDATE_COMPOSITE INTERIOR_PRIME_BEFORE_CANDIDATE
151,40,191,169,18,3,0,18,6 12 16 22 28 30,SURVIVES,,REJECTED,INTERIOR_PRIME_BEFORE_CANDIDATE
151,42,193,169,18,3,0,19,6 12 16 22 28 30 40,SURVIVES,,REJECTED,INTERIOR_PRIME_BEFORE_CANDIDATE
151,46,197,169,18,3,0,22,6 12 16 22 28 30 40 42,SURVIVES,,REJECTED,INTERIOR_PRIME_BEFORE_CANDIDATE
151,48,199,169,18,3,0,23,6 12 16 22 28 30 40 42 46,SURVIVES,,REJECTED,INTERIOR_PRIME_BEFORE_CANDIDATE
151,52,203,169,18,3,0,26,6 12 16 22 28 30 40 42 46 48,SURVIVES,,REJECTED,CANDIDATE_COMPOSITE INTERIOR_PRIME_BEFORE_CANDIDATE
151,58,209,169,18,3,0,32,6 12 16 22 28 30 40 42 46 48,SURVIVES,,REJECTED,CANDIDATE_COMPOSITE INTERIOR_PRIME_BEFORE_CANDIDATE
151,60,211,169,18,3,0,34,6 12 16 22 28 30 40 42 46 48,SURVIVES,,REJECTED,INTERIOR_PRIME_BEFORE_CANDIDATE
157,4,161,158,1,4,0,2,,SURVIVES,,REJECTED,CANDIDATE_COMPOSITE
157,6,163,158,1,4,0,4,,SURVIVES,,SURVIVES,
157,10,167,158,1,4,0,7,6,SURVIVES,,REJECTED,INTERIOR_PRIME_BEFORE_CANDIDATE
157,12,169,158,1,4,0,8,6 10,SURVIVES,,REJECTED,CANDIDATE_COMPOSITE INTERIOR_PRIME_BEFORE_CANDIDATE
157,16,173,169,12,3,0,3,6 10,SURVIVES,,REJECTED,INTERIOR_PRIME_BEFORE_CANDIDATE
157,22,179,169,12,3,0,8,6 10 16,SURVIVES,,REJECTED,INTERIOR_PRIME_BEFORE_CANDIDATE
157,24,181,169,12,3,0,9,6 10 16 22,SURVIVES,,REJECTED,INTERIOR_PRIME_BEFORE_CANDIDATE
157,30,187,169,12,3,0,14,6 10 16 22 24,SURVIVES,,REJECTED,CANDIDATE_COMPOSITE INTERIOR_PRIME_BEFORE_CANDIDATE
157,34,191,169,12,3,0,18,6 10 16 22 24,SURVIVES,,REJECTED,INTERIOR_PRIME_BEFORE_CANDIDATE
157,36,193,169,12,3,0,19,6 10 16 22 24 34,SURVIVES,,REJECTED,INTERIOR_PRIME_BEFORE_CANDIDATE
157,40,197,169,12,3,0,22,6 10 16 22 24 34 36,SURVIVES,,REJECTED,INTERIOR_PRIME_BEFORE_CANDIDATE
157,42,199,169,12,3,0,23,6 10 16 22 24 34 36 40,SURVIVES,,REJECTED,INTERIOR_PRIME_BEFORE_CANDIDATE
157,46,203,169,12,3,0,26,6 10 16 22 24 34 36 40 42,SURVIVES,,REJECTED,CANDIDATE_COMPOSITE INTERIOR_PRIME_BEFORE_CANDIDATE
157,52,209,169,12,3,0,32,6 10 16 22 24 34 36 40 42,SURVIVES,,REJECTED,CANDIDATE_COMPOSITE INTERIOR_PRIME_BEFORE_CANDIDATE
157,54,211,169,12,3,0,34,6 10 16 22 24 34 36 40 42,SURVIVES,,REJECTED,INTERIOR_PRIME_BEFORE_CANDIDATE
157,60,217,169,12,3,0,39,6 10 16 22 24 34 36 40 42 54,SURVIVES,,REJECTED,CANDIDATE_COMPOSITE INTERIOR_PRIME_BEFORE_CANDIDATE
157,64,221,169,12,3,0,43,6 10 16 22 24 34 36 40 42 54,SURVIVES,,REJECTED,CANDIDATE_COMPOSITE INTERIOR_PRIME_BEFORE_CANDIDATE
163,4,167,166,3,4,0,0,,SURVIVES,,SURVIVES,
163,6,169,166,3,4,0,1,4,SURVIVES,,REJECTED,CANDIDATE_COMPOSITE INTERIOR_PRIME_BEFORE_CANDIDATE
163,10,173,169,6,3,0,3,4,SURVIVES,,REJECTED,INTERIOR_PRIME_BEFORE_CANDIDATE
163,16,179,169,6,3,0,8,4 10,SURVIVES,,REJECTED,INTERIOR_PRIME_BEFORE_CANDIDATE
163,18,181,169,6,3,0,9,4 10 16,SURVIVES,,REJECTED,INTERIOR_PRIME_BEFORE_CANDIDATE
163,24,187,169,6,3,0,14,4 10 16 18,SURVIVES,,REJECTED,CANDIDATE_COMPOSITE INTERIOR_PRIME_BEFORE_CANDIDATE
163,28,191,169,6,3,0,18,4 10 16 18,SURVIVES,,REJECTED,INTERIOR_PRIME_BEFORE_CANDIDATE
163,30,193,169,6,3,0,19,4 10 16 18 28,SURVIVES,,REJECTED,INTERIOR_PRIME_BEFORE_CANDIDATE
163,34,197,169,6,3,0,22,4 10 16 18 28 30,SURVIVES,,REJECTED,INTERIOR_PRIME_BEFORE_CANDIDATE
163,36,199,169,6,3,0,23,4 10 16 18 28 30 34,SURVIVES,,REJECTED,INTERIOR_PRIME_BEFORE_CANDIDATE
163,40,203,169,6,3,0,26,4 10 16 18 28 30 34 36,SURVIVES,,REJECTED,CANDIDATE_COMPOSITE INTERIOR_PRIME_BEFORE_CANDIDATE
163,46,209,169,6,3,0,32,4 10 16 18 28 30 34 36,SURVIVES,,REJECTED,CANDIDATE_COMPOSITE INTERIOR_PRIME_BEFORE_CANDIDATE
163,48,211,169,6,3,0,34,4 10 16 18 28 30 34 36,SURVIVES,,REJECTED,INTERIOR_PRIME_BEFORE_CANDIDATE
163,54,217,169,6,3,0,39,4 10 16 18 28 30 34 36 48,SURVIVES,,REJECTED,CANDIDATE_COMPOSITE INTERIOR_PRIME_BEFORE_CANDIDATE
163,58,221,169,6,3,0,43,4 10 16 18 28 30 34 36 48,SURVIVES,,REJECTED,CANDIDATE_COMPOSITE INTERIOR_PRIME_BEFORE_CANDIDATE
163,60,223,169,6,3,0,45,4 10 16 18 28 30 34 36 48,SURVIVES,,REJECTED,INTERIOR_PRIME_BEFORE_CANDIDATE
163,64,227,169,6,3,0,48,4 10 16 18 28 30 34 36 48 60,SURVIVES,,REJECTED,INTERIOR_PRIME_BEFORE_CANDIDATE
167,2,169,168,1,16,0,0,,SURVIVES,,REJECTED,CANDIDATE_COMPOSITE
167,6,173,169,2,3,0,3,,SURVIVES,,SURVIVES,
167,12,179,169,2,3,0,8,6,SURVIVES,,REJECTED,INTERIOR_PRIME_BEFORE_CANDIDATE
167,14,181,169,2,3,0,9,6 12,SURVIVES,,REJECTED,INTERIOR_PRIME_BEFORE_CANDIDATE
167,20,187,169,2,3,0,14,6 12 14,SURVIVES,,REJECTED,CANDIDATE_COMPOSITE INTERIOR_PRIME_BEFORE_CANDIDATE
167,24,191,169,2,3,0,18,6 12 14,SURVIVES,,REJECTED,INTERIOR_PRIME_BEFORE_CANDIDATE
167,26,193,169,2,3,0,19,6 12 14 24,SURVIVES,,REJECTED,INTERIOR_PRIME_BEFORE_CANDIDATE
167,30,197,169,2,3,0,22,6 12 14 24 26,SURVIVES,,REJECTED,INTERIOR_PRIME_BEFORE_CANDIDATE
167,32,199,169,2,3,0,23,6 12 14 24 26 30,SURVIVES,,REJECTED,INTERIOR_PRIME_BEFORE_CANDIDATE
167,36,203,169,2,3,0,26,6 12 14 24 26 30 32,SURVIVES,,REJECTED,CANDIDATE_COMPOSITE INTERIOR_PRIME_BEFORE_CANDIDATE
167,42,209,169,2,3,0,32,6 12 14 24 26 30 32,SURVIVES,,REJECTED,CANDIDATE_COMPOSITE INTERIOR_PRIME_BEFORE_CANDIDATE
167,44,211,169,2,3,0,34,6 12 14 24 26 30 32,SURVIVES,,REJECTED,INTERIOR_PRIME_BEFORE_CANDIDATE
167,50,217,169,2,3,0,39,6 12 14 24 26 30 32 44,SURVIVES,,REJECTED,CANDIDATE_COMPOSITE INTERIOR_PRIME_BEFORE_CANDIDATE
167,54,221,169,2,3,0,43,6 12 14 24 26 30 32 44,SURVIVES,,REJECTED,CANDIDATE_COMPOSITE INTERIOR_PRIME_BEFORE_CANDIDATE
167,56,223,169,2,3,0,45,6 12 14 24 26 30 32 44,SURVIVES,,REJECTED,INTERIOR_PRIME_BEFORE_CANDIDATE
167,60,227,169,2,3,0,48,6 12 14 24 26 30 32 44 56,SURVIVES,,REJECTED,INTERIOR_PRIME_BEFORE_CANDIDATE
167,62,229,169,2,3,0,49,6 12 14 24 26 30 32 44 56 60,SURVIVES,,REJECTED,INTERIOR_PRIME_BEFORE_CANDIDATE
173,6,179,177,4,4,0,1,,SURVIVES,,SURVIVES,
173,8,181,177,4,4,0,2,6,SURVIVES,,REJECTED,INTERIOR_PRIME_BEFORE_CANDIDATE
173,14,187,177,4,4,0,7,6 8,SURVIVES,,REJECTED,CANDIDATE_COMPOSITE INTERIOR_PRIME_BEFORE_CANDIDATE
173,18,191,177,4,4,0,11,6 8,SURVIVES,,REJECTED,INTERIOR_PRIME_BEFORE_CANDIDATE
173,20,193,177,4,4,0,12,6 8 18,SURVIVES,,REJECTED,INTERIOR_PRIME_BEFORE_CANDIDATE
173,24,197,177,4,4,0,15,6 8 18 20,SURVIVES,,REJECTED,INTERIOR_PRIME_BEFORE_CANDIDATE
173,26,199,177,4,4,0,16,6 8 18 20 24,SURVIVES,,REJECTED,INTERIOR_PRIME_BEFORE_CANDIDATE
173,30,203,177,4,4,0,19,6 8 18 20 24 26,SURVIVES,,REJECTED,CANDIDATE_COMPOSITE INTERIOR_PRIME_BEFORE_CANDIDATE
173,36,209,177,4,4,0,25,6 8 18 20 24 26,SURVIVES,,REJECTED,CANDIDATE_COMPOSITE INTERIOR_PRIME_BEFORE_CANDIDATE
173,38,211,177,4,4,0,27,6 8 18 20 24 26,SURVIVES,,REJECTED,INTERIOR_PRIME_BEFORE_CANDIDATE
173,44,217,177,4,4,0,32,6 8 18 20 24 26 38,SURVIVES,,REJECTED,CANDIDATE_COMPOSITE INTERIOR_PRIME_BEFORE_CANDIDATE
173,48,221,177,4,4,0,36,6 8 18 20 24 26 38,SURVIVES,,REJECTED,CANDIDATE_COMPOSITE INTERIOR_PRIME_BEFORE_CANDIDATE
173,50,223,177,4,4,0,38,6 8 18 20 24 26 38,SURVIVES,,REJECTED,INTERIOR_PRIME_BEFORE_CANDIDATE
173,54,227,177,4,4,0,41,6 8 18 20 24 26 38 50,SURVIVES,,REJECTED,INTERIOR_PRIME_BEFORE_CANDIDATE
173,56,229,177,4,4,0,42,6 8 18 20 24 26 38 50 54,SURVIVES,,REJECTED,INTERIOR_PRIME_BEFORE_CANDIDATE
173,60,233,177,4,4,0,45,6 8 18 20 24 26 38 50 54 56,SURVIVES,,REJECTED,INTERIOR_PRIME_BEFORE_CANDIDATE
179,2,181,180,1,18,0,0,,SURVIVES,,SURVIVES,
179,8,187,183,4,4,0,3,2,SURVIVES,,REJECTED,CANDIDATE_COMPOSITE INTERIOR_PRIME_BEFORE_CANDIDATE
179,12,191,183,4,4,0,7,2,SURVIVES,,REJECTED,INTERIOR_PRIME_BEFORE_CANDIDATE
179,14,193,183,4,4,0,8,2 12,SURVIVES,,REJECTED,INTERIOR_PRIME_BEFORE_CANDIDATE
179,18,197,183,4,4,0,11,2 12 14,SURVIVES,,REJECTED,INTERIOR_PRIME_BEFORE_CANDIDATE
179,20,199,183,4,4,0,12,2 12 14 18,SURVIVES,,REJECTED,INTERIOR_PRIME_BEFORE_CANDIDATE
179,24,203,183,4,4,0,15,2 12 14 18 20,SURVIVES,,REJECTED,CANDIDATE_COMPOSITE INTERIOR_PRIME_BEFORE_CANDIDATE
179,30,209,183,4,4,0,21,2 12 14 18 20,SURVIVES,,REJECTED,CANDIDATE_COMPOSITE INTERIOR_PRIME_BEFORE_CANDIDATE
179,32,211,183,4,4,0,23,2 12 14 18 20,SURVIVES,,REJECTED,INTERIOR_PRIME_BEFORE_CANDIDATE
179,38,217,183,4,4,0,28,2 12 14 18 20 32,SURVIVES,,REJECTED,CANDIDATE_COMPOSITE INTERIOR_PRIME_BEFORE_CANDIDATE
179,42,221,183,4,4,0,32,2 12 14 18 20 32,SURVIVES,,REJECTED,CANDIDATE_COMPOSITE INTERIOR_PRIME_BEFORE_CANDIDATE
179,44,223,183,4,4,0,34,2 12 14 18 20 32,SURVIVES,,REJECTED,INTERIOR_PRIME_BEFORE_CANDIDATE
179,48,227,183,4,4,0,37,2 12 14 18 20 32 44,SURVIVES,,REJECTED,INTERIOR_PRIME_BEFORE_CANDIDATE
179,50,229,183,4,4,0,38,2 12 14 18 20 32 44 48,SURVIVES,,REJECTED,INTERIOR_PRIME_BEFORE_CANDIDATE
179,54,233,183,4,4,0,41,2 12 14 18 20 32 44 48 50,SURVIVES,,REJECTED,INTERIOR_PRIME_BEFORE_CANDIDATE
179,60,239,183,4,4,0,46,2 12 14 18 20 32 44 48 50 54,SURVIVES,,REJECTED,INTERIOR_PRIME_BEFORE_CANDIDATE
179,62,241,183,4,4,0,47,2 12 14 18 20 32 44 48 50 54 60,SURVIVES,,REJECTED,INTERIOR_PRIME_BEFORE_CANDIDATE
181,6,187,183,2,4,0,3,,SURVIVES,,REJECTED,CANDIDATE_COMPOSITE
181,10,191,183,2,4,0,7,,SURVIVES,,SURVIVES,
181,12,193,183,2,4,0,8,10,SURVIVES,,REJECTED,INTERIOR_PRIME_BEFORE_CANDIDATE
181,16,197,183,2,4,0,11,10 12,SURVIVES,,REJECTED,INTERIOR_PRIME_BEFORE_CANDIDATE
181,18,199,183,2,4,0,12,10 12 16,SURVIVES,,REJECTED,INTERIOR_PRIME_BEFORE_CANDIDATE
181,22,203,183,2,4,0,15,10 12 16 18,SURVIVES,,REJECTED,CANDIDATE_COMPOSITE INTERIOR_PRIME_BEFORE_CANDIDATE
181,28,209,183,2,4,0,21,10 12 16 18,SURVIVES,,REJECTED,CANDIDATE_COMPOSITE INTERIOR_PRIME_BEFORE_CANDIDATE
181,30,211,183,2,4,0,23,10 12 16 18,SURVIVES,,REJECTED,INTERIOR_PRIME_BEFORE_CANDIDATE
181,36,217,183,2,4,0,28,10 12 16 18 30,SURVIVES,,REJECTED,CANDIDATE_COMPOSITE INTERIOR_PRIME_BEFORE_CANDIDATE
181,40,221,183,2,4,0,32,10 12 16 18 30,SURVIVES,,REJECTED,CANDIDATE_COMPOSITE INTERIOR_PRIME_BEFORE_CANDIDATE
181,42,223,183,2,4,0,34,10 12 16 18 30,SURVIVES,,REJECTED,INTERIOR_PRIME_BEFORE_CANDIDATE
181,46,227,183,2,4,0,37,10 12 16 18 30 42,SURVIVES,,REJECTED,INTERIOR_PRIME_BEFORE_CANDIDATE
181,48,229,183,2,4,0,38,10 12 16 18 30 42 46,SURVIVES,,REJECTED,INTERIOR_PRIME_BEFORE_CANDIDATE
181,52,233,183,2,4,0,41,10 12 16 18 30 42 46 48,SURVIVES,,REJECTED,INTERIOR_PRIME_BEFORE_CANDIDATE
181,58,239,183,2,4,0,46,10 12 16 18 30 42 46 48 52,SURVIVES,,REJECTED,INTERIOR_PRIME_BEFORE_CANDIDATE
181,60,241,183,2,4,0,47,10 12 16 18 30 42 46 48 52 58,SURVIVES,,REJECTED,INTERIOR_PRIME_BEFORE_CANDIDATE
191,2,193,192,1,14,0,0,,SURVIVES,,SURVIVES,
191,6,197,194,3,4,0,2,2,SURVIVES,,REJECTED,INTERIOR_PRIME_BEFORE_CANDIDATE
191,8,199,194,3,4,0,3,2 6,SURVIVES,,REJECTED,INTERIOR_PRIME_BEFORE_CANDIDATE
191,12,203,194,3,4,0,6,2 6 8,SURVIVES,,REJECTED,CANDIDATE_COMPOSITE INTERIOR_PRIME_BEFORE_CANDIDATE
191,18,209,194,3,4,0,12,2 6 8,SURVIVES,,REJECTED,CANDIDATE_COMPOSITE INTERIOR_PRIME_BEFORE_CANDIDATE
191,20,211,194,3,4,0,14,2 6 8,SURVIVES,,REJECTED,INTERIOR_PRIME_BEFORE_CANDIDATE
191,26,217,194,3,4,0,19,2 6 8 20,SURVIVES,,REJECTED,CANDIDATE_COMPOSITE INTERIOR_PRIME_BEFORE_CANDIDATE
191,30,221,194,3,4,0,23,2 6 8 20,SURVIVES,,REJECTED,CANDIDATE_COMPOSITE INTERIOR_PRIME_BEFORE_CANDIDATE
191,32,223,194,3,4,0,25,2 6 8 20,SURVIVES,,REJECTED,INTERIOR_PRIME_BEFORE_CANDIDATE
191,36,227,194,3,4,0,28,2 6 8 20 32,SURVIVES,,REJECTED,INTERIOR_PRIME_BEFORE_CANDIDATE
191,38,229,194,3,4,0,29,2 6 8 20 32 36,SURVIVES,,REJECTED,INTERIOR_PRIME_BEFORE_CANDIDATE
191,42,233,194,3,4,0,32,2 6 8 20 32 36 38,SURVIVES,,REJECTED,INTERIOR_PRIME_BEFORE_CANDIDATE
191,48,239,194,3,4,0,37,2 6 8 20 32 36 38 42,SURVIVES,,REJECTED,INTERIOR_PRIME_BEFORE_CANDIDATE
191,50,241,194,3,4,0,38,2 6 8 20 32 36 38 42 48,SURVIVES,,REJECTED,INTERIOR_PRIME_BEFORE_CANDIDATE
191,56,247,194,3,4,0,43,2 6 8 20 32 36 38 42 48 50,SURVIVES,,REJECTED,CANDIDATE_COMPOSITE INTERIOR_PRIME_BEFORE_CANDIDATE
191,60,251,194,3,4,0,47,2 6 8 20 32 36 38 42 48 50,SURVIVES,,REJECTED,INTERIOR_PRIME_BEFORE_CANDIDATE
191,62,253,194,3,4,0,48,2 6 8 20 32 36 38 42 48 50 60,SURVIVES,,REJECTED,CANDIDATE_COMPOSITE INTERIOR_PRIME_BEFORE_CANDIDATE
193,4,197,194,1,4,0,2,,SURVIVES,,SURVIVES,
193,6,199,194,1,4,0,3,4,SURVIVES,,REJECTED,INTERIOR_PRIME_BEFORE_CANDIDATE
193,10,203,194,1,4,0,6,4 6,SURVIVES,,REJECTED,CANDIDATE_COMPOSITE INTERIOR_PRIME_BEFORE_CANDIDATE
193,16,209,194,1,4,0,12,4 6,SURVIVES,,REJECTED,CANDIDATE_COMPOSITE INTERIOR_PRIME_BEFORE_CANDIDATE
193,18,211,194,1,4,0,14,4 6,SURVIVES,,REJECTED,INTERIOR_PRIME_BEFORE_CANDIDATE
193,24,217,194,1,4,0,19,4 6 18,SURVIVES,,REJECTED,CANDIDATE_COMPOSITE INTERIOR_PRIME_BEFORE_CANDIDATE
193,28,221,194,1,4,0,23,4 6 18,SURVIVES,,REJECTED,CANDIDATE_COMPOSITE INTERIOR_PRIME_BEFORE_CANDIDATE
193,30,223,194,1,4,0,25,4 6 18,SURVIVES,,REJECTED,INTERIOR_PRIME_BEFORE_CANDIDATE
193,34,227,194,1,4,0,28,4 6 18 30,SURVIVES,,REJECTED,INTERIOR_PRIME_BEFORE_CANDIDATE
193,36,229,194,1,4,0,29,4 6 18 30 34,SURVIVES,,REJECTED,INTERIOR_PRIME_BEFORE_CANDIDATE
193,40,233,194,1,4,0,32,4 6 18 30 34 36,SURVIVES,,REJECTED,INTERIOR_PRIME_BEFORE_CANDIDATE
193,46,239,194,1,4,0,37,4 6 18 30 34 36 40,SURVIVES,,REJECTED,INTERIOR_PRIME_BEFORE_CANDIDATE
193,48,241,194,1,4,0,38,4 6 18 30 34 36 40 46,SURVIVES,,REJECTED,INTERIOR_PRIME_BEFORE_CANDIDATE
193,54,247,194,1,4,0,43,4 6 18 30 34 36 40 46 48,SURVIVES,,REJECTED,CANDIDATE_COMPOSITE INTERIOR_PRIME_BEFORE_CANDIDATE
193,58,251,194,1,4,0,47,4 6 18 30 34 36 40 46 48,SURVIVES,,REJECTED,INTERIOR_PRIME_BEFORE_CANDIDATE
193,60,253,194,1,4,0,48,4 6 18 30 34 36 40 46 48 58,SURVIVES,,REJECTED,CANDIDATE_COMPOSITE INTERIOR_PRIME_BEFORE_CANDIDATE
193,64,257,194,1,4,0,52,4 6 18 30 34 36 40 46 48 58,SURVIVES,,REJECTED,INTERIOR_PRIME_BEFORE_CANDIDATE
197,2,199,198,1,12,0,0,,SURVIVES,,SURVIVES,
197,6,203,201,4,4,0,1,2,SURVIVES,,REJECTED,CANDIDATE_COMPOSITE INTERIOR_PRIME_BEFORE_CANDIDATE
197,12,209,201,4,4,0,7,2,SURVIVES,,REJECTED,CANDIDATE_COMPOSITE INTERIOR_PRIME_BEFORE_CANDIDATE
197,14,211,201,4,4,0,9,2,SURVIVES,,REJECTED,INTERIOR_PRIME_BEFORE_CANDIDATE
197,20,217,201,4,4,0,14,2 14,SURVIVES,,REJECTED,CANDIDATE_COMPOSITE INTERIOR_PRIME_BEFORE_CANDIDATE
197,24,221,201,4,4,0,18,2 14,SURVIVES,,REJECTED,CANDIDATE_COMPOSITE INTERIOR_PRIME_BEFORE_CANDIDATE
197,26,223,201,4,4,0,20,2 14,SURVIVES,,REJECTED,INTERIOR_PRIME_BEFORE_CANDIDATE
197,30,227,201,4,4,0,23,2 14 26,SURVIVES,,REJECTED,INTERIOR_PRIME_BEFORE_CANDIDATE
197,32,229,201,4,4,0,24,2 14 26 30,SURVIVES,,REJECTED,INTERIOR_PRIME_BEFORE_CANDIDATE
197,36,233,201,4,4,0,27,2 14 26 30 32,SURVIVES,,REJECTED,INTERIOR_PRIME_BEFORE_CANDIDATE
197,42,239,201,4,4,0,32,2 14 26 30 32 36,SURVIVES,,REJECTED,INTERIOR_PRIME_BEFORE_CANDIDATE
197,44,241,201,4,4,0,33,2 14 26 30 32 36 42,SURVIVES,,REJECTED,INTERIOR_PRIME_BEFORE_CANDIDATE
197,50,247,201,4,4,0,38,2 14 26 30 32 36 42 44,SURVIVES,,REJECTED,CANDIDATE_COMPOSITE INTERIOR_PRIME_BEFORE_CANDIDATE
197,54,251,201,4,4,0,42,2 14 26 30 32 36 42 44,SURVIVES,,REJECTED,INTERIOR_PRIME_BEFORE_CANDIDATE
197,56,253,201,4,4,0,43,2 14 26 30 32 36 42 44 54,SURVIVES,,REJECTED,CANDIDATE_COMPOSITE INTERIOR_PRIME_BEFORE_CANDIDATE
197,60,257,201,4,4,0,47,2 14 26 30 32 36 42 44 54,SURVIVES,,REJECTED,INTERIOR_PRIME_BEFORE_CANDIDATE
197,62,259,201,4,4,0,48,2 14 26 30 32 36 42 44 54 60,SURVIVES,,REJECTED,CANDIDATE_COMPOSITE INTERIOR_PRIME_BEFORE_CANDIDATE
199,4,203,201,2,4,0,1,,SURVIVES,,REJECTED,CANDIDATE_COMPOSITE
199,10,209,201,2,4,0,7,,SURVIVES,,REJECTED,CANDIDATE_COMPOSITE
199,12,211,201,2,4,0,9,,SURVIVES,,SURVIVES,
199,18,217,201,2,4,0,14,12,SURVIVES,,REJECTED,CANDIDATE_COMPOSITE INTERIOR_PRIME_BEFORE_CANDIDATE
199,22,221,201,2,4,0,18,12,SURVIVES,,REJECTED,CANDIDATE_COMPOSITE INTERIOR_PRIME_BEFORE_CANDIDATE
199,24,223,201,2,4,0,20,12,SURVIVES,,REJECTED,INTERIOR_PRIME_BEFORE_CANDIDATE
199,28,227,201,2,4,0,23,12 24,SURVIVES,,REJECTED,INTERIOR_PRIME_BEFORE_CANDIDATE
199,30,229,201,2,4,0,24,12 24 28,SURVIVES,,REJECTED,INTERIOR_PRIME_BEFORE_CANDIDATE
199,34,233,201,2,4,0,27,12 24 28 30,SURVIVES,,REJECTED,INTERIOR_PRIME_BEFORE_CANDIDATE
199,40,239,201,2,4,0,32,12 24 28 30 34,SURVIVES,,REJECTED,INTERIOR_PRIME_BEFORE_CANDIDATE
199,42,241,201,2,4,0,33,12 24 28 30 34 40,SURVIVES,,REJECTED,INTERIOR_PRIME_BEFORE_CANDIDATE
199,48,247,201,2,4,0,38,12 24 28 30 34 40 42,SURVIVES,,REJECTED,CANDIDATE_COMPOSITE INTERIOR_PRIME_BEFORE_CANDIDATE
199,52,251,201,2,4,0,42,12 24 28 30 34 40 42,SURVIVES,,REJECTED,INTERIOR_PRIME_BEFORE_CANDIDATE
199,54,253,201,2,4,0,43,12 24 28 30 34 40 42 52,SURVIVES,,REJECTED,CANDIDATE_COMPOSITE INTERIOR_PRIME_BEFORE_CANDIDATE
199,58,257,201,2,4,0,47,12 24 28 30 34 40 42 52,SURVIVES,,REJECTED,INTERIOR_PRIME_BEFORE_CANDIDATE
199,60,259,201,2,4,0,48,12 24 28 30 34 40 42 52 58,SURVIVES,,REJECTED,CANDIDATE_COMPOSITE INTERIOR_PRIME_BEFORE_CANDIDATE
199,64,263,201,2,4,0,52,12 24 28 30 34 40 42 52 58,SURVIVES,,REJECTED,INTERIOR_PRIME_BEFORE_CANDIDATE
